name,Full Name,EIC_Code,TSO,Maximum Current Imax (A) primary Min,Maximum Current Imax (A) primary Max,Maximum Current Imax (A) primary Fixed,Voltage_level(kV) Primary,Voltage_level(kV) Secondary,r_dlr,x_dlr,b_dlr,g_dlr,Taps used for RAO,Theta θ (°),Symmetrical/Asymmetrical,Phase Regulation δu (%),Angle Regulation δu (%),Comment,geometry,bus0,s_nom_dlr,bus1,
77,TR Tauern TARHU41,14T-38220-TA041Q,APG,,,1554,220,400,0.000563063063063063,0.0451386451386451,-4321.397388,1725.536736,,60,ASYM,,1.253,,POINT (12.739733378696268 47.27759548453195),38868243,341.88,38868243T,
78,TR Tauern TARHU42,14T-38220-TA042O,APG,,,1554,220,400,0.000563063063063063,0.0451386451386451,-4321.397388,1725.536736,,60,ASYM,,1.253,,POINT (12.739733378696268 47.27759548453195),38868243,341.88,38868243T,
74,TR St. Peter SPRHU41,14T-38220-SP041V,APG,,,1427,220,400,0.000618589539402434,0.0480951774224374,-2109.4978542,877.713452,,-60,ASYM,,1.253,,POINT (13.081870668673746 48.256519536727325),81540198,313.94,81540198T,
75,TR St. Peter SPRHU42,14T-38220-SP042T,APG,,,1427,220,400,0.000618589539402434,0.0480951774224374,-2109.4978542,877.713452,,-60,ASYM,,1.253,,POINT (13.081870668673746 48.256519536727325),81540198,313.94,81540198T,
76,TR St. Peter SPRHU43,14T-38220-SP043R,APG,,,1427,220,400,0.000618589539402434,0.0480951774224374,-2109.4978542,877.713452,,-60,ASYM,,1.253,,POINT (13.081870668673746 48.256519536727325),81540198,313.94,81540198T,
68,TR Lienz LIRHU41,14T-38220-LI041Y,APG,,,1554,220,400,0.000642330642330642,0.0451415701415701,-5479.242384,1951.724544,,60,ASYM,,1.253,,POINT (12.805760955273785 46.82504401999443),162826525,341.88,162826525T,
69,TR Lienz LIRHU42,14T-38220-LI042W,APG,,,1554,220,400,0.000642330642330642,0.0451415701415701,-5479.242384,1951.724544,,60,ASYM,,1.253,,POINT (12.805760955273785 46.82504401999443),162826525,341.88,162826525T,
81,TR Westtirol WTRHU41,14T-38220-WT041O,APG,,,1443,400,220,0.000517498267498268,0.0374237699237699,-3845.0178,981.24,,59.99,ASYM,,1.388,,POINT (10.873845198722057 47.24424668126896),727225348,577.2,727225348T,
71,TR Obersielach OSRHU41,14T-38220-OS0413,APG,,,1556,220,400,0.000641505024538444,0.0450835475578406,-5486.294176,1954.236416,,60,ASYM,,1.253,,POINT (14.681460598338008 46.66845419378629),83831570,342.32,83831570T,
72,TR Obersielach OSRHU43,14T-RHU43-OS---K,APG,,,1531,220,400,0.000526393919600974,0.0463422599608099,-3386.89351,890.114214,,60,ASYM,,1.253,,POINT (14.681460598338008 46.66845419378629),83831570,336.82,83831570T,
73,TR Obersielach OSRHU42,14T-38220-OS0421,APG,,,1556,220,400,0.000641505024538444,0.0450835475578406,-5486.294176,1954.236416,,60,ASYM,,1.253,,POINT (14.681460598338008 46.66845419378629),83831570,342.32,83831570T,
82,TR Wien Suedost SORHU41,14T-38221-SO041S,APG,,,1556,220,400,0.000641505024538444,0.0461147464360832,-5486.294176,1954.236416,,60,ASYM,,1.253,,POINT (16.420069271973972 48.12390360961506),27795895,342.32,27795895T,
83,TR Wien Suedost SORHU43,14T-38220-SO042Y,APG,,,1556,220,400,0.000641505024538444,0.0461147464360832,-5486.294176,1954.236416,,60,ASYM,,1.253,,POINT (16.420069271973972 48.12390360961506),27795895,342.32,27795895T,
T_0,,,APG,,,,,,0.000325779445727483,0.0284872979214781,-15554.32992,723.07536,,,,,,Added for coherence. Not in the data.,POINT (13.066843061018709 47.8880497091321),105065132,387.2,105065132T,
84,TR Zell am Ziller ZZRHU41,14T-38220-ZZ041D,APG,,,1732,400,220,0.000325779445727483,0.0284872979214781,-15554.32992,723.07536,,59.95,ASYM,,1.25,,POINT (11.897843807702728 47.23344726452986),156973414,692.8,156973414T,
85,TR Zell am Ziller ZZRHU42,14T-38220-ZZ042B,APG,,,1732,400,220,0.000325779445727483,0.0284872979214781,-15554.32992,723.07536,,59.95,ASYM,,1.25,,POINT (11.897843807702728 47.23344726452986),156973414,692.8,156973414T,
T_1,,,APG,,,,,,0.000618589539402434,0.0480951774224374,-2109.4978542,877.713452,,,,,,Added for coherence. Not in the data.,POINT (16.378280117631984 48.35775529503493),24253250,1006.72,24253250T,
T_2,,,APG,,,,,,0.000618589539402434,0.0480951774224374,-2109.4978542,877.713452,,,,,,Added for coherence. Not in the data.,POINT (16.378280117631984 48.35775529503493),24253250,1006.72,24253250TT,
63,TR Duernrohr DURHU41,14T-38220-DR0410,APG,,,1556,220,400,0.000641505024538444,0.0461147464360832,-5486.294176,1954.236416,,60,ASYM,,1.253,,POINT (15.885238377926218 48.32893727438369),59531071,342.32,59531071T,
64,TR Duernrohr DURHU42,14T-38220-DR042Z,APG,,,1556,220,400,0.000641505024538444,0.0461147464360832,-5486.294176,1954.236416,,60,ASYM,,1.253,,POINT (15.885238377926218 48.32893727438369),59531071,342.32,59531071T,
86,TR Zaya ZYRHU41,,APG,,,1427,220,400,0.000565012422755941,0.0497196916608269,-3156.82367,829.649238,,60,ASYM,,1.253,"No EIC code yet, as only recently put into operation",POINT (16.800003975379468 48.60583472856317),96616299,313.94,96616299T,
114,TR RIMIERE 380/220 TFO 8,22T20211201Z---H,ELIA,424.352447854375,463.323591024675,,400,245.46,0.00549361191466818,0.419541166833545,-582.475360619513,98.4655295645639,,,,,,3-winding transformer (more info in extra sheet),POINT (5.4718802841380105 50.540253503031536),7578992,185.32943640987,7578992T,
115,TR RIMIERE 380/220 TFO 9,22T20211201AA--O,ELIA,424.352447854375,463.323591024675,,400,245.42,0.00607497665675759,0.443708811686758,-334.6597881061,93.5542994997023,,,,,,3-winding transformer (more info in extra sheet),POINT (5.4718802841380105 50.540253503031536),7578992,185.32943640987,7578992T,
111,TR BRUME 380/220 TFO 1,22T20211201W---W,ELIA,424.352447854375,463.323591024675,,400,245.42,0.00604700484558489,0.443133490237206,-370.8106112958,92.7759158667809,,,,,,3-winding transformer (more info in extra sheet),POINT (5.843362737369794 50.375498011383655),88799384,185.32943640987,88799384T,
112,TR LIXHE 380/220 TFO 11,22T20211201X---R,ELIA,424.352447854375,463.323591024675,,400,245.596,0.00538699096775989,0.421240627027787,-133.095493066726,40.0682241518139,,,,,,3-winding transformer (more info in extra sheet),POINT (5.668085597561913 50.75438286200539),23141556,185.32943640987,23141556T,
113,TR LIXHE 380/220 TFO 6,22T20211201Y---M,ELIA,424.352447854375,463.323591024675,,400,245.596,0.00538241533198164,0.42057871382945,-129.648365549502,39.4751699553023,,,,,,3-winding transformer (more info in extra sheet),POINT (5.668085597561913 50.75438286200539),23141556,185.32943640987,23141556T,
116,TR STEVIN 380/220 TFO 3,22T20211201AB--K,ELIA,848.70489570875,926.647182049349,,400,225,0.00098928698835797,0.107263866901509,-233.962197141775,150.153909379277,,,,,,3-winding transformer (more info in extra sheet),POINT (3.1839019958695 51.32594793322628),392090271,370.65887281974,392090271T,
117,TR STEVIN 380/220 TFO 4,22T20211201AC--G,ELIA,848.70489570875,926.647182049349,,400,225,0.000999258421044534,0.107551570792661,-820.488164255821,149.412591633637,,,,,,3-winding transformer (more info in extra sheet),POINT (3.1839019958695 51.32594793322628),392090271,370.65887281974,392090271T,
118,TR STEVIN 380/220 TFO 5,22T20211201AD--C,ELIA,848.70489570875,926.647182049349,,400,225,0.000989934483986967,0.107479698777842,-44.2914186840038,146.336122989233,,,,,,3-winding transformer (more info in extra sheet),POINT (3.1839019958695 51.32594793322628),392090271,370.65887281974,392090271T,
119,TR STEVIN 380/220 TFO 6,22T20211201AE--8,ELIA,848.70489570875,926.647182049349,,400,225,0.000979056557419806,0.107335911581829,-235.273402904375,148.078219691486,,,,,,3-winding transformer (more info in extra sheet),POINT (3.1839019958695 51.32594793322628),392090271,370.65887281974,392090271T,
109,TR AUBANGE 380/220 TFO 1,22T20211201T---A,ELIA,424.352447854375,463.323591024675,,400,245.42,0.00607497665675759,0.443708811686758,-334.6597881061,93.5542994997023,,,,,,3-winding transformer (more info in extra sheet),POINT (5.795846665169853 49.56639610066227),121085952,185.32943640987,121085952T,
110,TR AUBANGE 380/220 TFO 2,22T20211201V---0,ELIA,424.352447854375,463.323591024675,,400,245.46,0.0054398266110861,0.434507467134948,-333.989127208092,95.9265162857487,,,,,,3-winding transformer (more info in extra sheet),POINT (5.795846665169853 49.56639610066227),121085952,185.32943640987,121085952T,
T_3,,,CEPS,,,,,,0.00114107883817427,0.132192254495159,-173.52,144.6,,,,,,Added for coherence. Not in the data.,POINT (15.11240582700131 50.65776476965347),28475691,182.71,28475691T,
T_4,,,CEPS,,,,,,0.00114107883817427,0.132192254495159,-173.52,144.6,,,,,,Added for coherence. Not in the data.,POINT (15.11240582700131 50.65776476965347),28475691,182.71,28475691TT,
T_5,,,CEPS,,,,,,0.00114107883817427,0.132192254495159,-173.52,144.6,,,,,,Added for coherence. Not in the data.,POINT (13.801430394996355 50.583087711058994),197827799,217.8,197827799T,
T_6,,,CEPS,,,,,,0.00114107883817427,0.132192254495159,-173.52,144.6,,,,,,Added for coherence. Not in the data.,POINT (13.801430394996355 50.583087711058994),197827799,217.8,197827799TT,
88,TR Hradec T402,27T-TR-HRAT402-B,CEPS,,,723,400,231,0.00114107883817427,0.132192254495159,-173.52,144.6,,,,1.48,,,POINT (13.3273324005706 50.34652938932505),28099187,289.2,28099187T,
T_7,,,CEPS,,,,,,0.00114107883817427,0.132192254495159,-173.52,144.6,,,,,,Added for coherence. Not in the data.,POINT (13.695452508577215 50.39602262665922),28349754,677.6,28349754T,
T_8,,,CEPS,,,,,,0.00114107883817427,0.132192254495159,-173.52,144.6,,,,,,Added for coherence. Not in the data.,POINT (13.695452508577215 50.39602262665922),28349754,677.6,28349754TT,
90,TR Sokolnice T401,27T-TR-SOKT401-H,CEPS,,,722,400,231,0.00166204986149584,0.14643351800554,-4508.168,187.72,,,,1.48,,,POINT (16.699080878148727 49.11225687192472),27849030,288.8,27849030T,
87,TR C. Stred T401,27T-TR-CSTT401-T,CEPS,,,722,400,231,0.00145429362880886,0.137950138504155,-398.544,190.608,,,,1.48,,,POINT (14.768623247695958 50.143021870609175),28468576,288.8,28468576T,
T_9,,,CEPS,,,,,,0.00114107883817427,0.132192254495159,-173.52,144.6,,,,,,Added for coherence. Not in the data.,POINT (13.335280425866396 49.58968984155671),28477054,281.93,28477054T,
T_10,,,CEPS,,,,,,0.00114107883817427,0.132192254495159,-173.52,144.6,,,,,,Added for coherence. Not in the data.,POINT (13.335280425866396 49.58968984155671),28477054,281.93,28477054TT,
89,TR Prosenice T401,27T-TR-PRNT401X5,CEPS,,,722,400,231,0.00148891966759003,0.13095567867036,-4508.168,179.056,,,,1.48,,,POINT (17.498345120546542 49.50326351755285),28625556,288.8,28625556T,
T_11,,,CEPS,,,,,,0.00114107883817427,0.132192254495159,-173.52,144.6,,,,,,Added for coherence. Not in the data.,POINT (12.675255871288725 50.16071099308343),149306820,281.93,149306820T,
T_12,,,CEPS,,,,,,0.00114107883817427,0.132192254495159,-173.52,144.6,,,,,,Added for coherence. Not in the data.,POINT (12.675255871288725 50.16071099308343),149306820,281.93,149306820TT,
18,TR Vierraden 220/400 402,11T0-0000-0026-2,50HERTZ,650,650,,400,231,0.00283653846153846,0.257776923076923,-147.8672,199.888,,,,1.231,0,,POINT (14.268638974985045 53.09783446837573),170123812,260,170123812T,
19,TR Vierraden 220/400 404,11T0-0000-0028-X,50HERTZ,650,650,,400,231,0.00283653846153846,0.257776923076923,-147.8672,199.888,,,,1.231,0,,POINT (14.268638974985045 53.09783446837573),170123812,260,170123812T,
4,TR Lubmin 220/400 405,11T0-0000-0003-J,50HERTZ,650,650,,400,231,0.00283653846153846,0.257776923076923,-142.1498,195,,,,1.231,0,,POINT (13.685367373727471 54.13880850286776),460134233,260,460134233T,
24,TR Wustermark 220/400 401,11TD8T401WU12-0Y,50HERTZ,577,577,,400,231,0.00401819757365685,0.271135181975737,-154.825256,178.87,,,,1.231,0,,POINT (12.942934968142938 52.56249764066212),27149550,230.8,27149550T,
25,TR Wustermark 220/400 402,11TD8T402WU12--S,50HERTZ,577,577,,400,231,0.00397362416555823,0.273801323288594,-173.1,230.8,,,,1.231,0,,POINT (12.942934968142938 52.56249764066212),27149550,230.8,27149550T,
22,TR Wolmirstedt 220/400 403,11TD8T403WOL12-P,50HERTZ,1215,1215,,380,231,0.000761962798513736,0.0494566821337713,-159808.6827,1268.2899,,,,1.273,0,,POINT (11.639147591424328 52.26896991806889),26472665,461.7,26472665T,
23,TR Wolmirstedt 220/400 404,11TD8T404WOL12-H,50HERTZ,577,577,,400,231,0.00397362416555823,0.273801323288594,-173.1,230.8,,,,1.231,0,,POINT (11.639147591424328 52.26896991806889),26472665,230.8,26472665T,
5,TR Marzahn 220/400 401,11TD8T401MZA12-Q,50HERTZ,577,577,,400,231,0.00219200031752901,0.175168261273484,-259.774632,125.48596,,,,1.231,0,,POINT (13.524113150563432 52.5357936785092),22973070,230.8,22973070T,
6,TR Marzahn 220/400 402,11TD8T402MZA12-I,50HERTZ,577,577,,400,231,0.00219200031752901,0.175168261273484,-259.774632,125.48596,,,,1.231,0,,POINT (13.524113150563432 52.5357936785092),22973070,230.8,22973070T,
20,TR Vieselbach 220/400 402,11TD8T402VIB12-B,50HERTZ,577,577,,400,231,0.00397362416555823,0.273801323288594,-173.1,230.8,,,,1.231,0,,POINT (11.123246229477049 50.99837544912323),143882655,230.8,143882655T,
21,TR Vieselbach 220/400 403,11TD8T403VIB12-B,50HERTZ,577,577,,400,231,0.00397362416555823,0.273801323288594,-173.1,230.8,,,,1.231,0,,POINT (11.123246229477049 50.99837544912323),143882655,230.8,143882655T,
440,TR Brunsbuettel T421,11TD2T0000002013,TENNETGMBH,,,812,380,220,0.00136116152450091,0.149102281565984,-676.98064,154.28,,,,1.111,,,POINT (9.20168360386404 53.89581463975601),30622610,308.56,30622610T,
1,TR Güstrow 220/400 403,11TD8T403GUE12-P,50HERTZ,1215,1215,,380,231,0.00078250351580358,0.0498043470347052,-220418.8119,1472.96151,,,,1.273,0,,POINT (12.187783572738446 53.81650473574688),32062544,461.7,32062544T,
T_13,,,50HERTZ,,,,,,0.00418276227953498,0.288211919251152,-164.445,219.26,,,,,,Added for coherence. Not in the data.,POINT (12.213541114842796 54.111982000414535),32318130,580.8,32318130T,
T_14,,,50HERTZ,,,,,,0.00418276227953498,0.288211919251152,-164.445,219.26,,,,,,Added for coherence. Not in the data.,POINT (12.213541114842796 54.111982000414535),32318130,580.8,32318130TT,
15,TR Thyrow 220/400 401,11TD8T401THY12-2,50HERTZ,577,577,,400,231,0.00397362416555823,0.273801323288594,-173.1,230.8,,,,1.231,0,,POINT (13.30634069585986 52.23082066092722),29331499,230.8,29331499T,
7,TR Neuenhagen 220/400 401,11TD8T401NHG12-N,50HERTZ,958,958,,380,231,0.00114997080162728,0.0657858787476533,-243744.8022,1404.247896,,-60,Asymmetrical,,1.182,,POINT (13.710163845494778 52.539128262482336),137197826,364.04,137197826T,
8,TR Neuenhagen 220/400 402,11TD8T402NHG12-F,50HERTZ,958,958,,380,231,0.00114997080162728,0.0657858787476533,-173703.5062,1137.44298,,-60,Asymmetrical,,1.182,,POINT (13.710163845494778 52.539128262482336),137197826,364.04,137197826T,
2,TR Hamburg/Nord 220/400 405,11TD8T405NOR12-5,50HERTZ,650,650,,400,231,0.00355939918070096,0.24202510989594,-113767.42,535.002,,,,1.231,0,,POINT (9.984058791561033 53.74147911235296),22720647,260,22720647T,
3,TR Hamburg/Nord 220/400 406,11TD8T406NOR12-Y,50HERTZ,650,650,,400,231,0.00355939918070096,0.24202510989594,-147.862,199.888,,,,1.231,0,,POINT (9.984058791561033 53.74147911235296),22720647,260,22720647T,
T_15,,,50HERTZ,,,,,,0.00418276227953498,0.288211919251152,-164.445,219.26,,,,,,Added for coherence. Not in the data.,POINT (12.045507458183804 50.78094886931945),156673637,258.94,156673637T,
T_16,,,50HERTZ,,,,,,0.00418276227953498,0.288211919251152,-164.445,219.26,,,,,,Added for coherence. Not in the data.,POINT (12.045507458183804 50.78094886931945),156673637,258.94,156673637TT,
0,TR Eula 220/400 401,11TD8T401EU12--E,50HERTZ,866,866,,400,231,0.00192723649281908,0.148563327556093,-143849.528,887.40752,,,,1.385,0,,POINT (12.517063548402785 51.156251437142096),32843531,346.4,32843531T,
11,TR Röhrsdorf 220/400 402,11TD8T402ROE12-T,50HERTZ,1215,1215,,380,231,0.000720881363934048,0.0487691580333574,-220418.8119,1442.90484,,,,1.273,0,,POINT (12.815082479900903 50.85868947954853),23117075,461.7,23117075T,
12,TR Röhrsdorf 220/400 403,11TD8T403ROE12-T,50HERTZ,1215,1215,,380,231,0.000720881363934048,0.0487691580333574,-220418.8119,1442.90484,,,,1.273,0,,POINT (12.815082479900903 50.85868947954853),23117075,461.7,23117075T,
T_17,,,Amprion GmbH,,,,,,0.000430093555093555,0.0322245322245322,-5310.24,1462.24,,,,,,Added for coherence. Not in the data.,POINT (10.362499738474432 47.73865994398629),57727004,434.39,57727004T,
T_18,,,Amprion GmbH,,,,,,0.000430093555093555,0.0322245322245322,-5310.24,1462.24,,,,,,Added for coherence. Not in the data.,POINT (10.362499738474432 47.73865994398629),57727004,434.39,57727004TT,
T_19,,,Amprion GmbH,,,,,,0.000426304953372896,0.0388664163739857,-1486.26,1775.255,,,,,,Added for coherence. Not in the data.,POINT (6.7097559468 51.090932472),27919734,658.24,27919734T,
T_20,,,Amprion GmbH,,,,,,0.000426304953372896,0.0388664163739857,-1486.26,1775.255,,,,,,Added for coherence. Not in the data.,POINT (6.7097559468 51.090932472),27919734,658.24,27919734TT,
T_21,,,Amprion GmbH,,,,,,0.000426304953372896,0.0388664163739857,-1486.26,1775.255,,,,,,Added for coherence. Not in the data.,POINT (7.011600422827162 52.17763913797465),979801144,629.2,979801144T,
T_22,,,Amprion GmbH,,,,,,0.000426304953372896,0.0388664163739857,-1486.26,1775.255,,,,,,Added for coherence. Not in the data.,POINT (7.011600422827162 52.17763913797465),979801144,629.2,979801144TT,
61,TR Westerkappeln,11T0-0000-0914-4,Amprion GmbH,,2008,,230,400,0.000495842716092153,0.035687684046423,-12931.52,2124.464,,,,1.231,,,POINT (7.890386064217834 52.27794041517119),114319248,461.84,114319248T,
41,TR Kusenhorst,11T0-0000-0683-V,Amprion GmbH,,2008,,230,400,0.000446041919279404,0.0351225532652001,-7943.648,2632.488,,,,1.231,,,POINT (7.060221722122223 51.69639747736863),29077623,461.84,29077623T,
487,TR / 380-220kV / Kuehmoos Trafo 401,12T-0000000591-H,TRANSNETBW,,,953,380,220,0.00110758270282211,0.0676036891809797,-3854.473304,477.554018,-3,3,-120,Asymmetrical,1.385,,,POINT (7.958075914315617 47.59547794524703),88916034,362.14,88916034T
30,TR Dauersberg,11T0-0000-1251-Q,Amprion GmbH,,1924,,400,231,0.000301455301455302,0.0309329521829522,-2308.8,692.64,,60,,,1.389,,POINT (7.86378483513833 50.76810526070069),152403632,769.6,152403632T,
31,TR Dauersberg,11T0-0000-0589-I,Amprion GmbH,,1924,,400,231,0.000430093555093555,0.0322245322245322,-5310.24,1462.24,,60,,,1.385,,POINT (7.86378483513833 50.76810526070069),152403632,769.6,152403632T,
40,TR Hoheneck,11T0-0000-0650-F,Amprion GmbH,,1271,,400,231,0.00109756097560976,0.0505114083398899,-3863.84,864.28,,60,,,1.385,,POINT (9.190792677545456 48.914415086962464),25802269,508.4,25802269T,
50,TR Rommerskirchen,11T0-0000-0833-4,Amprion GmbH,,1924,,400,231,0.000430093555093555,0.0322245322245322,-5310.24,1462.24,,60,,,1.385,,POINT (6.702194784514007 51.008859862237074),24839976,769.6,24839976T,
32,TR Eiberg,11T0-0000-0595-Q,Amprion GmbH,,1924,,240,400,0.00051975051975052,0.0374177061677062,-2955.264,2447.328,,,,1.231,,,POINT (7.1257288028617465 51.44906599034116),113546939,461.76,113546939T,
38,TR Hanekenfaehr,11T0-0000-1278-Y,Amprion GmbH,,2008,,230,400,0.000495842716092153,0.0356898492984583,-5080.24,2401.568,,,,1.231,,,POINT (7.308241793856247 52.47679095339899),61918154,461.84,61918154T,
52,TR Tiengen,11T0-0000-0859-F,Amprion GmbH,,1271,,400,231,0.000877261998426436,0.0486644374508261,-508.4,813.44,,-60,,,1.385,,POINT (8.258827663264354 47.634208886686295),31367940,508.4,31367940T,
T_23,,,Amprion GmbH,,,,,,0.000430093555093555,0.0322245322245322,-5310.24,1462.24,,,,,,Added for coherence. Not in the data.,POINT (7.725695780282513 52.27718649503957),29472852,179.08,29472852T,
T_24,,,Amprion GmbH,,,,,,0.000430093555093555,0.0322245322245322,-5310.24,1462.24,,,,,,Added for coherence. Not in the data.,POINT (7.725695780282513 52.27718649503957),29472852,179.08,29472852TT,
48,TR St. Peter,11T0-0000-0858-I,Amprion GmbH,,1924,,400,231,0.000430093555093555,0.0322245322245322,-5310.24,1462.24,,60,,,1.385,,POINT (6.801901926183832 51.124931543129016),49577401,769.6,49577401T,
49,TR St. Peter,11T0-0000-1348-4,Amprion GmbH,,1924,,400,231,0.000430093555093555,0.0322245322245322,-5310.24,1462.24,,60,,,1.385,,POINT (6.801901926183832 51.124931543129016),49577401,769.6,49577401T,
T_25,,,Amprion GmbH,,,,,,0.000430093555093555,0.0322245322245322,-5310.24,1462.24,,,,,,Added for coherence. Not in the data.,POINT (7.240374772306893 49.35764976438098),89352550,312.18,89352550T,
T_26,,,Amprion GmbH,,,,,,0.000430093555093555,0.0322245322245322,-5310.24,1462.24,,,,,,Added for coherence. Not in the data.,POINT (7.240374772306893 49.35764976438098),89352550,312.18,89352550TT,
T_27,,,Amprion GmbH,,,,,,0.000430093555093555,0.0322245322245322,-5310.24,1462.24,,,,,,Added for coherence. Not in the data.,POINT (6.625829004351707 51.26061129810617),24799890,374.616,24799890T,
T_28,,,Amprion GmbH,,,,,,0.000430093555093555,0.0322245322245322,-5310.24,1462.24,,,,,,Added for coherence. Not in the data.,POINT (6.625829004351707 51.26061129810617),24799890,374.616,24799890TT,
46,TR Opladen,11T0-0000-0796-D,Amprion GmbH,,1924,,240,400,0.00051975051975052,0.0374133749133749,-18054.816,2816.736,,,,1.231,,,POINT (6.965533742474572 51.069936019280185),22761839,461.76,22761839T,
47,TR Opladen,11T0-0000-1674-Q,Amprion GmbH,,2008,,230,400,0.000381084358219297,0.0347436341590161,-1662.624,1985.912,,,,1.231,,,POINT (6.965533742474572 51.069936019280185),22761839,461.84,22761839T,
466,TR Oberbachern T421,11TD2T000000143S,TENNETGMBH,,,923,380,220,0.00181330900382049,0.140186462906997,-1276.6936,680.78634,,,,1.231,,,POINT (11.370408790512055 48.291489873770296),18629425,350.74,18629425T,
59,TR Walsum,11T0-0000-1352-I,Amprion GmbH,,2008,,230,400,0.000381084358219297,0.0347436341590161,-1662.624,1985.912,,,,1.231,,,POINT (6.71519747219922 51.52680805339456),24478889,461.84,24478889T,
62,TR Weissenthurm,11T0-0000-0904-8,Amprion GmbH,,1924,,400,231,0.000430093555093555,0.0322245322245322,-5310.24,1462.24,,60,,,1.385,,POINT (7.449489147076854 50.40253032636379),395847307,769.6,395847307T,
53,TR Uchtelfangen,11T0-0000-0862-W,Amprion GmbH,,1924,,400,231,0.000430093555093555,0.0322245322245322,-5310.24,1462.24,,-60,,,1.385,,POINT (6.9964592026998345 49.37540332206032),54359256,769.6,54359256T,
34,TR Ensdorf,11T0-0000-0606-H,Amprion GmbH,,2008,,230,400,0.000381084358219297,0.0347436341590161,-1662.624,1985.912,,,,1.231,,,POINT (6.773207879811451 49.29107421435737),82773910,461.84,82773910T,
35,TR Gersteinwerk,11T0-0000-0614-J,Amprion GmbH,,2008,,230,400,0.000508834228304175,0.0362419885674693,-2493.936,1385.52,,,,1.231,,,POINT (7.709038739054832 51.67646671921392),42507488,461.84,42507488T,
36,TR Gersteinwerk,11T0-0000-0615-G,Amprion GmbH,,2008,,230,400,0.000253334488134419,0.0341763381257578,-2493.936,738.944,,,,1.231,,,POINT (7.709038739054832 51.67646671921392),42507488,461.84,42507488T,
460,TR Grosskrotzenburg T422,11TD2T000000071R,TENNETGMBH,,,528,380,220,0.00609051036682616,0.294751794258373,-1914.50688,342.29184,,,,2,,,POINT (8.958708591309529 50.08260779176962),42410916,200.64,42410916T,
461,TR Grosskrotzenburg T423,11TD2T000000072P,TENNETGMBH,,,1019,380,220,0.0018284179536181,0.13290119312019,-2639.67874,751.59402,,,,1.385,,,POINT (8.958708591309529 50.08260779176962),42410916,387.22,42410916T,
462,TR Grosskrotzenburg T421,11TD2T000000070T,TENNETGMBH,,,1019,380,220,0.00183358297608595,0.132211662620732,-1890.40804,747.72182,,,,1.385,,,POINT (8.958708591309529 50.08260779176962),42410916,387.22,42410916T,
T_29,,,Amprion GmbH,,,,,,0.000430093555093555,0.0322245322245322,-5310.24,1462.24,,,,,,Added for coherence. Not in the data.,POINT (8.104639054942622 52.26510433428034),37764852,232.32,37764852T,
T_30,,,Amprion GmbH,,,,,,0.000430093555093555,0.0322245322245322,-5310.24,1462.24,,,,,,Added for coherence. Not in the data.,POINT (8.104639054942622 52.26510433428034),37764852,232.32,37764852TT,
27,TR Buerstadt,11T0-0000-0572-6,Amprion GmbH,,2008,,230,400,0.000534817252728218,0.036458513771003,-20782.8,2771.04,,,,1.231,,,POINT (8.419373160819045 49.63371907557318),149987048,461.84,149987048T,
28,TR Buerstadt,11T0-0000-0571-9,Amprion GmbH,,1924,,400,231,0.000430093555093555,0.0322245322245322,-5310.24,1462.24,,-60,,,1.385,,POINT (8.419373160819045 49.63371907557318),149987048,769.6,149987048T,
484,TR / 380-220kV / Daxlanden / Trafo 401,11TD400000023-T9,TRANSNETBW,,,1443,380,220,0.000450851661377977,0.0449338001969581,-1242.0065502,580.198554,,0,Symmetrical,1.389,,,POINT (8.31334022540613 49.009043472661205),152261133,548.34,152261133T,
485,TR / 380-220kV / Daxlanden / Trafo 402,11TD400000028-TQ,TRANSNETBW,,,1443,380,220,0.000626180836707153,0.044056607214502,-4157.2890606,881.127546,,0,Symmetrical,1.444,,,POINT (8.31334022540613 49.009043472661205),152261133,548.34,152261133T,
54,TR Urberach,11T0-0000-0874-M,Amprion GmbH,,1924,,400,231,0.000430093555093555,0.0322245322245322,-5310.24,1462.24,,-60,,,1.385,,POINT (8.772275034667391 49.97457434094864),23284340,769.6,23284340T,
55,TR Urberach,11T0-0000-0875-J,Amprion GmbH,,1924,,400,231,0.000430093555093555,0.0322245322245322,-5310.24,1462.24,,-60,,,1.385,,POINT (8.772275034667391 49.97457434094864),23284340,769.6,23284340T,
437,TR Bechterdissen T424,11TD2T000000246I,TENNETGMBH,,,693,380,220,0.00301511354142933,0.231772613351561,-164.85084,213.83208,,,,1.231,,,POINT (8.659610012459176 52.00034857382529),24264701,263.34,24264701T,
438,TR Bechterdissen T423,11TD2T000000245K,TENNETGMBH,,,693,380,220,0.00300751879699248,0.231772613351561,-132.19668,235.42596,,,,1.231,,,POINT (8.659610012459176 52.00034857382529),24264701,263.34,24264701T,
42,TR Niederrhein,11T0-0000-0754-Z,Amprion GmbH,,1924,,400,231,0.000430093555093555,0.0322245322245322,-5310.24,1462.24,,60,,,1.385,,POINT (6.680796263733606 51.64632880193464),24462426,769.6,24462426T,
480,TR/ 380-220kV / Buers / Trafo 31,11T0-0000-0091-Q,TRANSNETBW,,,879,220,380,0.00165011893680836,0.138799255352156,-1824.898053,455.11983,,0,Symmetrical,1.154,,,POINT (9.81074666568887 47.14278088986921),101997887,193.38,101997887T,
481,TR / 380-220kV / Buers / Trafo 32,11T0-0000-0092-N,TRANSNETBW,,,879,220,380,0.00164132795532113,0.13911469645258,-2101.924572,449.627838,,0,Symmetrical,1.154,,,POINT (9.81074666568887 47.14278088986921),101997887,193.38,101997887T,
482,TR / 380-220kV / Buers / Trafo 33,11T0-0000-0093-K,TRANSNETBW,,,879,220,380,0.00192057089668011,0.135980970110663,-1348.3497852,445.972956,,0,Symmetrical,1.154,,,POINT (9.81074666568887 47.14278088986921),101997887,193.38,101997887T,
483,TR / 380-220kV / Buers / Trafo 34,11T0-0000-0094-H,TRANSNETBW,,,879,220,380,0.00198521046643914,0.135432826559106,-1500.7293576,380.18508,,0,Symmetrical,1.154,,,POINT (9.81074666568887 47.14278088986921),101997887,193.38,101997887T,
490,PST / 380-220kV / Buers / Trafo 37,11T0-0000-0082-R,TRANSNETBW,,,1106,380,220,0.000511325782811459,0.0459574569334729,-4713.356144,1450.512364,-17,17,90,Asymmetrical,1.14,1.794,Connected in substation Bürs,POINT (9.81074666568887 47.14278088986921),101997887,420.28,101997887T
51,TR Sechtem,11T0-0000-0847-P,Amprion GmbH,,1795,,230,400,0.000426304953372896,0.0388664163739857,-1486.26,1775.255,,,,1.231,,,POINT (6.972576332889148 50.7956266225729),22766160,412.85,22766160T,
58,TR Voehringen,11T0-0000-0884-I,Amprion GmbH,,1924,,400,231,0.000301455301455302,0.0309329521829522,-2308.8,692.64,,-60,,,1.389,,POINT (10.082130359178691 48.26603782164332),85523877,769.6,85523877T,
491,TR / 380-220kV / Pulverdingen / Trafo 323,11TD400000144-TQ,TRANSNETBW,,,1506,220,380,0.000555263793311602,0.0308644211034649,-692.12748,635.074176,,0,Symmetrical,1.231,,,POINT (9.04543545075586 48.90296099705397),43688805,331.32,43688805T,
29,TR Buescherhof,11T0-0000-0575-Y,Amprion GmbH,,1924,,240,400,0.00048943173943174,0.0384615384615385,-7526.688,2539.68,,,,1.231,,,POINT (6.926758989258959 51.499205696677926),24921206,461.76,24921206T,
43,TR Niederstedem,11T0-0000-0759-K,Amprion GmbH,,1924,,400,231,0.000430093555093555,0.0322245322245322,-5310.24,1462.24,,-60,,,1.385,,POINT (6.475062982714621 49.92260878546526),151967290,769.6,151967290T,
44,TR Niederstedem,11T0-0000-0758-N,Amprion GmbH,,1924,,400,231,0.000430093555093555,0.0322245322245322,-5310.24,1462.24,,-60,,,1.385,,POINT (6.475062982714621 49.92260878546526),151967290,769.6,151967290T,
45,TR Niederstedem,11T0-0000-0760-6,Amprion GmbH,,1155,,400,231,0.000993506493506494,0.0977835497835498,-739.2,231,,-60,,,0.689,,POINT (6.475062982714621 49.92260878546526),151967290,462,151967290T,
56,TR Utfort,11T0-0000-0879-7,Amprion GmbH,,1924,,400,231,0.000430093555093555,0.0322245322245322,-5310.24,1462.24,,60,,,1.385,,POINT (6.6171994130110185 51.47583728111108),23380800,769.6,23380800T,
57,TR Utfort,11T0-0000-0878-A,Amprion GmbH,,1924,,400,231,0.000430093555093555,0.0322245322245322,-5310.24,1462.24,,60,,,1.385,,POINT (6.6171994130110185 51.47583728111108),23380800,769.6,23380800T,
60,TR Wehrendorf,11T0-0000-0893-H,Amprion GmbH,,1924,,400,231,0.000430093555093555,0.0322245322245322,-5310.24,1462.24,,60,,,1.385,,POINT (8.307757038447654 52.34563570305741),33411203,769.6,33411203T,
39,TR Hattingen,11T0-0000-0646-1,Amprion GmbH,,2008,,230,400,0.000508834228304175,0.0360774294127837,-17226.632,1570.256,,,,1.257,,,POINT (7.167956726297322 51.38931989154416),63114179,461.84,63114179T,
26,TR Brauweiler,11T0-0000-1249-6,Amprion GmbH,,2008,,230,400,0.000381084358219297,0.0347436341590161,-1662.624,1985.912,,,,1.231,,,POINT (6.804550264468823 50.96624767849503),23084554,461.84,23084554T,
T_31,,,TENNETGMBH,,,,,,0.00684520732085617,0.313266466756282,-2480.41808,351.83098,,,,,,Added for coherence. Not in the data.,POINT (8.063696600882086 53.55580201127509),637595524,2145.088,637595524T,
474,TR Sottrum T421,11TD2T000000180M,TENNETGMBH,,,649,380,220,0.00197064309463953,0.189862947044035,-141.31326,122.81676,,,,1.111,,,POINT (9.25043491144298 53.1149993151395),955268863,246.62,955268863T,
473,TR Siems T421,11TD2T000000172L,TENNETGMBH,,,559,380,220,0.00504660578099991,0.406924959984936,-157.40322,137.64816,,,,1.231,,,POINT (10.76083532726635 53.90974536547812),1102237380,212.42,1102237380T,
464,TR Landesbergen T422,11TD2T000000116V,TENNETGMBH,,,974,380,220,0.00177780179401275,0.134718469685507,-2973.17396,696.19572,,,,1.385,,,POINT (9.125265746125375 52.53826407510022),27739871,370.12,27739871T,
465,TR Landesbergen T423,11TD2T000000117T,TENNETGMBH,,,524,380,220,0.00554941743672158,0.328671153073523,-1008.94104,349.65472,,,,2.022,,,POINT (9.125265746125375 52.53826407510022),27739871,199.12,27739871T,
T_32,,,TENNETGMBH,,,,,,0.00684520732085617,0.313266466756282,-2480.41808,351.83098,,,,,,Added for coherence. Not in the data.,POINT (8.052012197053129 53.33307136740962),1128250707,1608.816,1128250707T,
T_33,,,TENNETGMBH,,,,,,0.00684520732085617,0.313266466756282,-2480.41808,351.83098,,,,,,Added for coherence. Not in the data.,POINT (8.052012197053129 53.33307136740962),1128250707,1608.816,1128250707TT,
T_34,,,TENNETGMBH,,,,,,0.00684520732085617,0.313266466756282,-2480.41808,351.83098,,,,,,Added for coherence. Not in the data.,POINT (9.344001814589792 53.851777496821136),87722999,442.86,87722999T,
T_35,,,TENNETGMBH,,,,,,0.00684520732085617,0.313266466756282,-2480.41808,351.83098,,,,,,Added for coherence. Not in the data.,POINT (9.344001814589792 53.851777496821136),87722999,442.86,87722999TT,
443,TR Conneforde/O T422,11TD2T000000033Z,TENNETGMBH,,,631,380,220,0.0042038535324047,0.272599883226291,-121.80824,177.19742,,,,1.231,,,POINT (8.053944669219414 53.331754625072335),1128250704,239.78,1128250704T,
444,TR Conneforde/O T421,11TD2T0000002021,TENNETGMBH,,,1057,380,220,0.00101578449434845,0.0603470597022357,-2761.81416,552.2825,,,,1.385,,,POINT (8.053944669219414 53.331754625072335),1128250704,401.66,1128250704T,
445,TR Conneforde/O T423,11T0-0000-1608-5,TENNETGMBH,,,812,380,220,0.00134171635986518,0.148755509463313,-2460.14888,149.34304,,,,1.111,,,POINT (8.053944669219414 53.331754625072335),1128250704,308.56,1128250704T,
475,TR Unterweser T421,11TD2T000000206U,TENNETGMBH,,,1048,380,220,0.0012831458417035,0.0602526114905585,-1530.43632,597.36,,,,1.385,,,POINT (8.4747070839544 53.42865120708027),32076853,398.24,32076853T,
478,TR Wuergassen T421,11TD2T0000001975,TENNETGMBH,,,509,380,220,0.00684520732085617,0.313266466756282,-2480.41808,351.83098,,,,2.011,,,POINT (9.387640755119822 51.64073490727586),274630377,193.42,274630377T,
479,TR Wuergassen T422,11TD2T0000001983,TENNETGMBH,,,509,380,220,0.00708820184055423,0.313261296660118,-2612.71736,325.13902,,,,2.011,,,POINT (9.387640755119822 51.64073490727586),274630377,193.42,274630377T,
472,TR Schwandorf VK5,11TD2T000000168C,TENNETGMBH,,,935,380,220,0.00173656065296932,0.138837602026457,-1847.9153,761.4079,,,,1.231,,,POINT (12.082217467816522 49.29749516466073),28956649,355.3,28956649T,
455,TR Dollern T422,11TD2T000000204Y,TENNETGMBH,,,924,380,220,0.00141262246525404,0.0690276828434723,-4310.34912,548.80056,,,,1.385,,,POINT (9.501790032393483 53.54281468092611),24502420,351.12,24502420T,
456,TR Dollern T421,11TD2T000000044U,TENNETGMBH,,,935,380,220,0.00180692372642837,0.144092316352378,-1862.1273,726.2332,,,,1.4,,,POINT (9.501790032393483 53.54281468092611),24502420,355.3,24502420T,
457,TR Emden/O T428,11T0-0000-1589-C,TENNETGMBH,,,812,380,220,0.00134819808141042,0.148642079336272,-1328.65936,145.0232,,,,1.111,,,POINT (7.244747402876565 53.357115737869314),559702819,308.56,559702819T,
458,TR Emden/O T425,11T0-0000-0070-0,TENNETGMBH,,,812,380,220,0.00137412496759139,0.147835105003889,-98.12208,153.66288,,,,1.111,,,POINT (7.244747402876565 53.357115737869314),559702819,308.56,559702819T,
471,TR Raitersaich VK6,11TD2T000000160S,TENNETGMBH,,,926,380,220,0.00194384449244061,0.143142548596112,-752.67132,535.56136,,,,1.245,,,POINT (10.84310559580793 49.37870895490465),24705761,351.88,24705761T,
459,TR Etzenricht T421,11TD2T000000260O,TENNETGMBH,,,811,380,220,0.00168083587513791,0.152514764098903,-136.83192,167.9581,,,,1.111,,,POINT (12.114380926785518 49.6311058498399),29084374,308.18,29084374T,
463,TR Irsching VK6,11TD2T000000096B,TENNETGMBH,,,866,380,220,0.00218791783153033,0.156542482071229,-427.14584,445.24524,,,,1.231,,,POINT (11.58137197036536 48.764893853875456),137602559,329.08,137602559T,
476,TR Wahle T421,11TD2T000000191H,TENNETGMBH,,,952,380,220,0.00196815568332596,0.137831711632021,-1410.50224,634.16528,,,,1.385,,,POINT (10.365338662586126 52.28466156568135),24262656,361.76,24262656T,
477,TR Wahle T422,11TD2T000000192F,TENNETGMBH,,,935,380,220,0.00174218969884605,0.14709541232761,-1746.6548,655.1732,,,,1.4,,,POINT (10.365338662586126 52.28466156568135),24262656,355.3,24262656T,
467,TR Ottenhofen VK6,11TD2T000000146M,TENNETGMBH,,,917,380,220,0.00191987602594272,0.141944556046605,-1718.25626,628.27338,,,,1.231,,,POINT (11.868156362309213 48.20680293980998),26245195,348.46,26245195T,
468,TR Ottenhofen VK7,11TD2T000000147K,TENNETGMBH,,,952,380,220,0.00184652808491818,0.135987947810703,-2470.45904,734.73456,,,,1.231,,,POINT (11.868156362309213 48.20680293980998),26245195,361.76,26245195T,
435,TR Audorf/S T422,11T0-0000-0019-Y,TENNETGMBH,,,812,380,220,0.00136440238527353,0.148872180451128,-93.80224,156.13136,,,,1.111,,,POINT (9.725994440003705 54.28781293047057),35176751,308.56,35176751T,
436,TR Audorf/S T421,11TD2T0000000142,TENNETGMBH,,,812,380,220,0.00157181747472129,0.151059761472647,-189.7644,151.81152,,,,1.111,,,POINT (9.725994440003705 54.28781293047057),35176751,308.56,35176751T,
469,TR Pleinting VK6,11TD2T000000155L,TENNETGMBH,,,952,380,220,0.00163644405130473,0.132231313578063,-2050.09392,713.02896,,,,1.25,,,POINT (13.103168324093216 48.66682263363445),24976300,361.76,24976300T,
470,TR Pleinting VK7,11TD2T000000156J,TENNETGMBH,,,952,380,220,0.00183547103051747,0.135031512605042,-2339.86368,698.55856,,,,1.231,,,POINT (13.103168324093216 48.66682263363445),24976300,361.76,24976300T,
488,TR / 380-220kV / Neurott / Trafo 401,11TD400000125-TW,TRANSNETBW,,,1506,220,380,0.000586532657249789,0.0501569479657129,-2290.6570236,1509.427656,,0,Symmetrical,1.231,,,POINT (8.623206227427875 49.35658185285741),207248812,331.32,207248812T,
489,TR / 380-220kV / Neurott / Trafo 402,11TD400000127-TO,TRANSNETBW,,,953,380,220,0.00195421660131441,0.0669409620588723,-1169.205204,532.3458,,0,Symmetrical,1.385,,,POINT (8.623206227427875 49.35658185285741),207248812,362.14,207248812T,
486,TR / 380-220kV / Eichstetten / Trafo 401,11TD400000041-T7,TRANSNETBW,,,1443,380,220,0.000444395812816865,0.0444377575956523,-1123.2361062,588.423654,,0,Symmetrical,1.389,,,POINT (7.751862552442818 48.09640574883001),87653464,548.34,87653464T,
T_36,,,TRANSNETBW,,,,,,0.000450851661377977,0.0449338001969581,-1242.0065502,580.198554,,,,,,Added for coherence. Not in the data.,POINT (8.673717359625059 49.29043940679088),46584363,100.43,46584363T,
T_37,,,TRANSNETBW,,,,,,0.000450851661377977,0.0449338001969581,-1242.0065502,580.198554,,,,,,Added for coherence. Not in the data.,POINT (8.673717359625059 49.29043940679088),46584363,100.43,46584363TT,
277,TR 400/225kV 761 MARLENHEIM,17T0000000151555,RTE,1659,1803,,400,225,8.31946755407654E-05,0.0587909040488075,,,,,,,,,POINT (7.526452002189226 48.61184902188622),118086309,721.2,118086309T,
278,TR 400/225kV 762 MARLENHEIM,17T0000000151563,RTE,1659,1803,,400,225,0.000110926234054354,0.0612867443150305,,,,,,,,,POINT (7.526452002189226 48.61184902188622),118086309,721.2,118086309T,
279,TR 400/225kV 763 MARLENHEIM,17T0000000151571,RTE,1659,1803,,400,225,0.000305047143649473,0.0622573488630061,,,,,,,,,POINT (7.526452002189226 48.61184902188622),118086309,721.2,118086309T,
256,TR 400/225kV 762 HENRI-PAUL,17T000000014135G,RTE,1660,1805,,400,225,0.000120498614958449,0.0630886426592798,,,,,,,,,POINT (4.503745403580134 46.74703277706734),318502246,722,318502246T,
293,TR 400/225kV 761 MIONS,17T000000015225A,RTE,1659,1803,,400,225,0.000194120909595119,0.0587909040488075,,,,,,,,,POINT (4.9755449516845 45.67434685130105),24020441,721.2,24020441T,
294,TR 400/225kV 762 MIONS,17T0000000152268,RTE,1659,1803,,400,225,0.000194120909595119,0.0582362728785358,,,,,,,,,POINT (4.9755449516845 45.67434685130105),24020441,721.2,24020441T,
295,TR 400/225kV 763 MIONS,17T0000000152276,RTE,1630,1803,,400,225,0.000305047143649473,0.062396006655574,,,,,,,,,POINT (4.9755449516845 45.67434685130105),24020441,721.2,24020441T,
319,TR 400/225kV 761 QUINTES (LES),17T000000015449P,RTE,1659,1803,,400,225,0.000249584026622296,0.0594841930116473,,,,,,,,,POINT (0.2404904628850176 47.88611363822259),86131984,721.2,86131984T,
320,TR 400/225kV 762 QUINTES (LES),17T0000000154503,RTE,1660,1805,,400,225,0.000152354570637119,0.0585872576177285,,,,,,,,,POINT (0.2404904628850176 47.88611363822259),86131984,722,86131984T,
248,TR 400/225kV 761 GAVRELLE,17T0000000142718,RTE,1659,1803,,400,225,0.000166389351081531,0.0585135884636717,,,,,,,,,POINT (2.885346645898012 50.33726372400015),117893799,721.2,117893799T,
315,TR 400/225kV 762 PLAINE HAUTE,17T0000000162077,RTE,1659,1803,,400,225,0.000135884636716583,0.0549500831946755,,,,,,,,,POINT (-2.877914311780164 48.4299170843653),86023818,721.2,86023818T,
316,TR 400/225kV 763 PLAINE HAUTE,17T000000015330D,RTE,1659,1803,,400,225,0.000429839156960621,0.0635052689961176,,,,,,,,,POINT (-2.877914311780164 48.4299170843653),86023818,721.2,86023818T,
309,TR 400/225kV 761 PRAZ-ST-ANDRE,17T000000015322C,RTE,847,921,,400,225,0.000298588490770901,0.184310532030402,,,,,,,,,POINT (6.583583496070193 45.20533397391433),147132690,368.4,147132690T,
338,TR 400/225kV 761 SAUSSET,17T000000014405D,RTE,1659,1803,,400,225,0.000374376039933444,0.0596228508042152,,,,,,,,,POINT (2.5755995914230967 48.976138545298085),188144496,721.2,188144496T,
339,TR 400/225kV 762 SAUSSET,17T000000016211G,RTE,1659,1803,,400,225,0.000124792013311148,0.0636439267886855,,,,,,,,,POINT (2.5755995914230967 48.976138545298085),188144496,721.2,188144496T,
374,TR 400/225kV 761 VIELMOULIN,17T000000015848B,RTE,839,912,,400,225,0.00191885964912281,0.188322368421053,,,,,,,,,POINT (4.687244564902656 47.326143973596885),179260933,364.8,179260933T,
375,TR 400/225kV 762 VIELMOULIN,17T0000000158499,RTE,1659,1803,,400,225,0.000346644481419856,0.0626733222407099,,,,,,,,,POINT (4.687244564902656 47.326143973596885),179260933,721.2,179260933T,
376,TR 400/225kV 763 VIELMOULIN,17T000000015850O,RTE,839,912,,400,225,0.00137061403508772,0.190241228070175,,,,,,,,,POINT (4.687244564902656 47.326143973596885),179260933,364.8,179260933T,
275,TR 400/225kV 761 MANDARINS,17T000000014305H,RTE,847,921,,400,225,0.000950054288816504,0.198154180238871,,,,,,,,,POINT (1.7843974624570051 50.903313258925145),85196424,368.4,85196424T,
276,TR 400/225kV 763 MANDARINS,17T000000014306F,RTE,847,921,,400,225,0.000950054288816504,0.195439739413681,,,,,,,,,POINT (1.7843974624570051 50.903313258925145),85196424,368.4,85196424T,
177,TR 400/225kV 761 BEAUMONT-MONTEUX,17T0000000145237,RTE,1659,1803,,400,225,0.000318912922906267,0.0628119800332779,,,,,,,,,POINT (4.9279697619892 45.01921084476488),84603564,721.2,84603564T,
178,TR 400/225kV 762 BEAUMONT-MONTEUX,17T0000000145245,RTE,1659,1803,,400,225,0.000346644481419856,0.0629506378258458,,,,,,,,,POINT (4.9279697619892 45.01921084476488),84603564,721.2,84603564T,
175,TR 400/225kV 761 BROC-CARROS (LE),17T000000014510G,RTE,1659,1803,,400,225,0.000138657792567942,0.0586522462562396,,,,,,,,,POINT (7.191599545888107 43.80309836528222),90842395,721.2,90842395T,
176,TR 400/225kV 762 BROC-CARROS (LE),17T000000014511E,RTE,1659,1803,,400,225,0.00036051026067665,0.0630892956184138,,,,,,,,,POINT (7.191599545888107 43.80309836528222),90842395,721.2,90842395T,
302,TR 400/225kV 761 MARQUIS (LE),17T0000000152535,RTE,845,884,,400,225,0.00155542986425339,0.206730769230769,,,,,,,,,POINT (-0.5512377637498569 45.01043482790016),105840884,353.6,105840884T,
303,TR 400/225kV 762 MARQUIS (LE),17T0000000152543,RTE,1659,1803,,400,225,0.000734886300610094,0.101220188574598,,,,,,,,,POINT (-0.5512377637498569 45.01043482790016),105840884,721.2,105840884T,
304,TR 400/225kV 763 MARQUIS (LE),17T0000000152551,RTE,845,884,,400,225,0.00115950226244344,0.177319004524887,,,,,,,,,POINT (-0.5512377637498569 45.01043482790016),105840884,353.6,105840884T,
305,TR 400/225kV 764 MARQUIS (LE),17T000000016283S,RTE,1659,1803,,400,225,0.000137271214642263,0.0556156405990017,,,,,,,,,POINT (-0.5512377637498569 45.01043482790016),105840884,721.2,105840884T,
191,TR 400/225kV 761 BOUTRE,17T000000014581U,RTE,1659,1803,,400,225,0.000110926234054354,0.0586522462562396,,,,,,,,,POINT (5.83230924946302 43.69090243594689),100087916,721.2,100087916T,
192,TR 400/225kV 762 BOUTRE,17T000000014582S,RTE,1620,1800,,400,225,0.000125,0.0591666666666667,,,,,,,,,POINT (5.83230924946302 43.69090243594689),100087916,720,100087916T,
289,TR 400/225kV 761 MEZEROLLES,17T000000014322H,RTE,1659,1803,,400,225,0.000374376039933444,0.0629506378258458,,,,,,,,,POINT (1.741466529809091 48.93301538081492),89034196,721.2,89034196T,
290,TR 400/225kV 762 MEZEROLLES,17T000000014323F,RTE,847,921,,400,225,0.00146579804560261,0.188925081433225,,,,,,,,,POINT (1.741466529809091 48.93301538081492),89034196,368.4,89034196T,
291,TR 400/225kV 763 MEZEROLLES,17T000000014324D,RTE,1659,1803,,400,225,0.000194120909595119,0.0587909040488075,,,,,,,,,POINT (1.741466529809091 48.93301538081492),89034196,721.2,89034196T,
292,TR 400/225kV 764 MEZEROLLES,17T000000014325B,RTE,1659,1803,,400,225,0.000388241819190239,0.0630892956184138,,,,,,,,,POINT (1.741466529809091 48.93301538081492),89034196,721.2,89034196T,
282,TR 400/225kV 761 MARTYRE (LA),17T0000000151911,RTE,1659,1803,,400,225,0.000388241819190239,0.0637825845812535,,,,,,,,,POINT (-4.193367303658039 48.44395782659024),146695955,721.2,146695955T,
283,TR 400/225kV 762 MARTYRE (LA),17T000000015193Y,RTE,1659,1803,,400,225,0.000374376039933444,0.0635052689961176,,,,,,,,,POINT (-4.193367303658039 48.44395782659024),146695955,721.2,146695955T,
239,TR 400/225kV 761 EGUZON,17T000000014738N,RTE,1659,1803,,400,225,0.000374376039933444,0.0621186910704382,,,,,,,,,POINT (1.620889662804567 46.45818701298623),105783300,721.2,105783300T,
240,TR 400/225kV 762 EGUZON,17T000000014739L,RTE,847,921,,400,225,0.000678610206297503,0.185396308360478,,,,,,,,,POINT (1.620889662804567 46.45818701298623),105783300,368.4,105783300T,
196,TR 400/225kV 761 CANTEGRIT,17T-FR-000000422,RTE,1659,1803,,400,225,0.000124792013311148,0.0589295618413755,,,,,,,,,POINT (-0.8874731635478703 44.01307996889373),111458307,721.2,111458307T,
197,TR 400/225kV 762 CANTEGRIT,17T-FR-000000430,RTE,1659,1803,,400,225,8.31946755407654E-05,0.0592068774265114,,,,,,,,,POINT (-0.8874731635478703 44.01307996889373),111458307,721.2,111458307T,
372,TR 400/225kV 762 VESLE,17T0000000144443,RTE,1659,1803,,400,225,0.000221852468108708,0.0594841930116473,,,,,,,,,POINT (4.240553176727981 49.20151866320356),82805188,721.2,82805188T,
373,TR 400/225kV 763 VESLE,17T0000000144451,RTE,1659,1803,,400,225,0.000194120909595119,0.060038824181919,,,,,,,,,POINT (4.240553176727981 49.20151866320356),82805188,721.2,82805188T,
269,TR 400/225kV 761 LIMEUX,17T000000016165Y,RTE,1659,1803,,400,225,0.000166389351081531,0.0547698280643372,,,,,,,,,POINT (1.8284427499373328 50.01096244619189),580568888,721.2,580568888T,
367,TR 400/225kV 762 VAUPALIERE (LA),17T0000000144419,RTE,1659,1803,,400,225,0.000443704936217415,0.0626733222407099,,,,,,,,,POINT (1.0100612505540805 49.48313439694984),85827398,721.2,85827398T,
368,TR 400/225kV 763 VAUPALIERE (LA),17T0000000144427,RTE,1659,1803,,400,225,0.000443704936217415,0.062534664448142,,,,,,,,,POINT (1.0100612505540805 49.48313439694984),85827398,721.2,85827398T,
369,TR 400/225kV 764 VAUPALIERE (LA),17T0000000144435,RTE,1659,1803,,400,225,0.000166389351081531,0.0593455352190793,,,,,,,,,POINT (1.0100612505540805 49.48313439694984),85827398,721.2,85827398T,
230,TR 400/225kV 760 DISTRE,17T0000000147132,RTE,1659,1803,,400,225,6.93288962839712E-05,0.0589295618413755,,,,,,,,,POINT (-0.1143216931660412 47.207930982553314),99722046,721.2,99722046T,
231,TR 400/225kV 762 DISTRE,17T000000014715Z,RTE,840,913,,400,225,0.00156078860898138,0.19934282584885,,,,,,,,,POINT (-0.1143216931660412 47.207930982553314),99722046,365.2,99722046T,
232,TR 400/225kV 765 DISTRE,17T000000014716X,RTE,849,923,,400,225,0.000406283856988082,0.202600216684724,,,,,,,,,POINT (-0.1143216931660412 47.207930982553314),99722046,369.2,99722046T,
233,TR 400/225kV 766 DISTRE,17T000000014717V,RTE,1659,1803,,400,225,4.15973377703827E-05,0.0587909040488075,,,,,,,,,POINT (-0.1143216931660412 47.207930982553314),99722046,721.2,99722046T,
236,TR 400/225kV 762 DONZAC,17T000000014727S,RTE,1659,1803,,400,225,0.000180255130338325,0.0585135884636717,,,,,,,,,POINT (0.8228435543876993 44.1026278677066),105913465,721.2,105913465T,
266,TR 400/225kV 763 LAUNAY,17T000000014295V,RTE,845,918,,400,225,0.00185185185185185,0.191721132897604,,,,,,,,,POINT (-1.2603461102393592 48.56372878938411),85877326,367.2,85877326T,
242,TR 400/225kV 761 FRASNE,17T000000014141L,RTE,830,902,,400,225,1.10864745011086E-05,0.205792682926829,,,,,,,,,POINT (6.163036729368158 46.87190152579085),159167277,360.8,159167277T,
263,TR 400/225kV 761 LATENA,17T000000014287U,RTE,1659,1803,,400,225,0.00036051026067665,0.0630892956184138,,,,,,,,,POINT (2.938161109773351 49.65763875296653),85273680,721.2,85273680T,
264,TR 400/225kV 762 LATENA,17T000000014288S,RTE,1659,1803,,400,225,0.000374376039933444,0.062396006655574,,,,,,,,,POINT (2.938161109773351 49.65763875296653),85273680,721.2,85273680T,
265,TR 400/225kV 763 LATENA,17T000000014289Q,RTE,1659,1803,,400,225,0.000374376039933444,0.0629506378258458,,,,,,,,,POINT (2.938161109773351 49.65763875296653),85273680,721.2,85273680T,
216,TR 400/225kV 761 CORDEMAIS-POSTE,17T000000014652X,RTE,1659,1803,,400,225,0.000402107598447033,0.0635052689961176,,,,,,,,,POINT (-1.8704371826262487 47.286145689086325),112342683,721.2,112342683T,
217,TR 400/225kV 763 CORDEMAIS-POSTE,17T000000014653V,RTE,1659,1803,,400,225,9.70604547975596E-05,0.0587909040488075,,,,,,,,,POINT (-1.8704371826262487 47.286145689086325),112342683,721.2,112342683T,
218,TR 400/225kV 765 CORDEMAIS-POSTE,17T000000014654T,RTE,847,921,,400,225,0.00190010857763301,0.191096634093377,,,,,,,,,POINT (-1.8704371826262487 47.286145689086325),112342683,368.4,112342683T,
219,TR 400/225kV 769 CORDEMAIS-POSTE,17T000000014655R,RTE,847,921,,400,225,0.0011672095548317,0.171009771986971,,,,,,,,,POINT (-1.8704371826262487 47.286145689086325),112342683,368.4,112342683T,
350,TR 400/225kV 761 TAMAREAU,17T000000015737K,RTE,1659,1803,,400,225,0.000346644481419856,0.062396006655574,,,,,,,,,POINT (3.7161638078665895 43.63265775919642),26376870,721.2,26376870T,
351,TR 400/225kV 762 TAMAREAU,17T000000015738I,RTE,1659,1803,,400,225,0.000180255130338325,0.0587909040488075,,,,,,,,,POINT (3.7161638078665895 43.63265775919642),26376870,721.2,26376870T,
352,TR 400/225kV 763 TAMAREAU,17T000000015739G,RTE,1659,1803,,400,225,2.77315585135885E-05,0.0589295618413755,,,,,,,,,POINT (3.7161638078665895 43.63265775919642),26376870,721.2,26376870T,
206,TR 400/225kV 761 CHAINGY,17T000000014617Z,RTE,1655,1800,,400,225,0.000319444444444444,0.0627777777777778,,,,,,,,,POINT (1.8033191687367285 47.87560254679453),34198056,720,34198056T,
207,TR 400/225kV 762 CHAINGY,17T000000014618X,RTE,1655,1800,,400,225,0.000347222222222222,0.0620833333333333,,,,,,,,,POINT (1.8033191687367285 47.87560254679453),34198056,720,34198056T,
324,TR 400/225kV 761 REMISE,17T000000014138A,RTE,829,901,,400,225,-9.98890122086571E-05,0.202830188679245,,,,,,,,,POINT (1.930209965933576 49.28793447180031),85821243,360.4,85821243T,
237,TR 400/225kV 761 ECHALAS,17T000000014734V,RTE,1659,1803,,400,225,0.000374376039933444,0.0633666112035496,,,,,,,,,POINT (4.719314874723939 45.5428425356864),84476231,721.2,84476231T,
238,TR 400/225kV 762 ECHALAS,17T000000014735T,RTE,1659,1803,,400,225,9.70604547975596E-05,0.0589295618413755,,,,,,,,,POINT (4.719314874723939 45.5428425356864),84476231,721.2,84476231T,
174,TR 400/225kV 761 AVOINE (POSTE 400 KV),17T0000000145075,RTE,840,913,,400,225,0.00139649507119387,0.190032858707558,,,,,,,,,POINT (0.1634846272013889 47.22425638733642),117446401,365.2,117446401T,
213,TR 400/225kV 761 CIROLLIERS,17T000000014215I,RTE,1659,1803,,400,225,0.000443704936217415,0.0633666112035496,,,,,,,,,POINT (2.3200435726496216 48.55143580447808),24849819,721.2,24849819T,
214,TR 400/225kV 762 CIROLLIERS,17T000000014216G,RTE,1659,1803,,400,225,0.000388241819190239,0.0635052689961176,,,,,,,,,POINT (2.3200435726496216 48.55143580447808),24849819,721.2,24849819T,
215,TR 400/225kV 763 CIROLLIERS,17T000000014217E,RTE,1659,1803,,400,225,0.000346644481419856,0.0635052689961176,,,,,,,,,POINT (2.3200435726496216 48.55143580447808),24849819,721.2,24849819T,
T_38,,,RTE,,,,,,9.41974378296911E-05,0.0479464958553127,,,,,,,,Added for coherence. Not in the data.,POINT (-0.6059329950725928 45.67386039950993),105571340,336.38,105571340T,
T_39,,,RTE,,,,,,9.41974378296911E-05,0.0479464958553127,,,,,,,,Added for coherence. Not in the data.,POINT (-0.6059329950725928 45.67386039950993),105571340,336.38,105571340TT,
259,TR 400/225kV 761 JONQUIERES,17T000000014991B,RTE,1659,1803,,400,225,0.000388241819190239,0.0629506378258458,,,,,,,,,POINT (4.583663510508438 43.82899443280962),114018928,721.2,114018928T,
260,TR 400/225kV 762 JONQUIERES,17T0000000149929,RTE,1659,1803,,400,225,0.000402107598447033,0.0632279534109817,,,,,,,,,POINT (4.583663510508438 43.82899443280962),114018928,721.2,114018928T,
267,TR 400/225kV 761 LESQUIVE,17T0000000150494,RTE,1659,1803,,400,225,0.000388241819190239,0.0629506378258458,,,,,,,,,POINT (1.2733547589847256 43.81667004235339),49510896,721.2,49510896T,
268,TR 400/225kV 762 LESQUIVE,17T000000015050J,RTE,1659,1803,,400,225,0.000499168053244592,0.0639212423738214,,,,,,,,,POINT (1.2733547589847256 43.81667004235339),49510896,721.2,49510896T,
286,TR 400/225kV 761 MAZURES,17T0000000143196,RTE,847,921,,400,225,0.000977198697068404,0.188110749185668,,,,,,,,,POINT (4.625885667328039 49.90568304637483),82949228,368.4,82949228T,
287,TR 400/225kV 762 MAZURES,17T000000014320L,RTE,847,921,,400,225,0.00198154180238871,0.183496199782845,,,,,,,,,POINT (4.625885667328039 49.90568304637483),82949228,368.4,82949228T,
288,TR 400/225kV 763 MAZURES,17T000000014321J,RTE,1650,1803,,400,225,0.000152523571824737,0.0585135884636717,,,,,,,,,POINT (4.625885667328039 49.90568304637483),82949228,721.2,82949228T,
321,TR 400/225kV 761 REALTOR,17T000000015482R,RTE,1660,1805,,400,225,0.000166204986149584,0.0577562326869806,,,,,,,,,POINT (5.3428286291108575 43.44684792039789),27259817,722,27259817T,
322,TR 400/225kV 762 REALTOR,17T000000015483P,RTE,1660,1805,,400,225,0.000193905817174515,0.0591412742382272,,,,,,,,,POINT (5.3428286291108575 43.44684792039789),27259817,722,27259817T,
323,TR 400/225kV 763 REALTOR,17T000000015484N,RTE,1660,1805,,400,225,0.000152354570637119,0.0578947368421053,,,,,,,,,POINT (5.3428286291108575 43.44684792039789),27259817,722,27259817T,
187,TR 400/225kV 761 BIANCON,17T000000014564U,RTE,1620,1803,,400,225,0.000332778702163062,0.0597615085967831,,,,,,,,,POINT (6.835855694028623 43.595072658284906),121500497,721.2,121500497T,
188,TR 400/225kV 762 BIANCON,17T000000014565S,RTE,1620,1803,,400,225,0.000332778702163062,0.0597615085967831,,,,,,,,,POINT (6.835855694028623 43.595072658284906),121500497,721.2,121500497T,
249,TR 400/225kV 761 GENISSIAT-POSTE,17T000000014853N,RTE,1659,1803,,400,225,4.15973377703827E-05,0.0586522462562396,,,,,,,,,POINT (5.80461320573897 46.055891422281526),83293593,721.2,83293593T,
250,TR 400/225kV 762 GENISSIAT-POSTE,17T000000014854L,RTE,1540,1803,,400,225,0.00045757071547421,0.0586522462562396,,,,,,,,,POINT (5.80461320573897 46.055891422281526),83293593,721.2,83293593T,
201,TR 400/225kV 761-(769) CERGY,17T000000014198T,RTE,814,850,,400,225,0.00173529411764706,0.202058823529412,,,,,,,,,POINT (2.059280671924677 49.04898781715818),41722745,340,41722745T,
202,TR 400/225kV 763 CERGY,17T000000014199R,RTE,1655,1800,,400,225,0.000333333333333333,0.0630555555555556,,,,,,,,,POINT (2.059280671924677 49.04898781715818),41722745,720,41722745T,
203,TR 400/225kV 764 CERGY,17T000000014200V,RTE,1655,1800,,400,225,0.000375,0.06375,,,,,,,,,POINT (2.059280671924677 49.04898781715818),41722745,720,41722745T,
204,TR 400/225kV 765 CERGY,17T000000014201T,RTE,1600,1800,,400,225,0.000361111111111111,0.0627777777777778,,,,,,,,,POINT (2.059280671924677 49.04898781715818),41722745,720,41722745T,
205,TR 400/225kV 769 CERGY,17T000000014198T,RTE,850,925,,400,225,0.00154054054054054,0.196756756756757,,,,,,,,,POINT (2.059280671924677 49.04898781715818),41722745,370,41722745T,
330,TR 400/225kV 761 RUEYRES,17T0000000155321,RTE,829,901,,400,225,0.00110987791342952,0.192008879023307,,,,,,,,,POINT (2.6891888693379222 44.7792537952762),83726363,360.4,83726363T,
331,TR 400/225kV 762 RUEYRES,17T000000015534Y,RTE,840,913,,400,225,0.00142387732749179,0.1960569550931,,,,,,,,,POINT (2.6891888693379222 44.7792537952762),83726363,365.2,83726363T,
284,TR 400/225kV 761 MASTAING,17T000000014314G,RTE,1659,1803,,400,225,0.000402107598447033,0.0632279534109817,,,,,,,,,POINT (3.2907240279785683 50.296463127218175),82967739,721.2,82967739T,
285,TR 400/225kV 762 MASTAING,17T000000014315E,RTE,1659,1803,,400,225,0.000207986688851913,0.0589295618413755,,,,,,,,,POINT (3.2907240279785683 50.296463127218175),82967739,721.2,82967739T,
222,TR 400/225kV 761 CHAMPAGNIER,17T000000014676J,RTE,1659,1803,,400,225,0.000152523571824737,0.0587909040488075,,,,,,,,,POINT (5.709151367175382 45.10635550659956),69813552,721.2,69813552T,
223,TR 400/225kV 762 CHAMPAGNIER,17T000000014677H,RTE,1659,1803,,400,225,0.000124792013311148,0.0590682196339434,,,,,,,,,POINT (5.709151367175382 45.10635550659956),69813552,721.2,69813552T,
332,TR 400/225kV 761 RULHAT,17T000000015535W,RTE,847,921,,400,225,0.00157437567861021,0.192182410423453,,,,,,,,,POINT (3.2703636157177454 45.81346328751168),71933077,368.4,71933077T,
333,TR 400/225kV 762 RULHAT,17T000000015536U,RTE,847,921,,400,225,0.00165580890336591,0.184039087947883,,,,,,,,,POINT (3.2703636157177454 45.81346328751168),71933077,368.4,71933077T,
334,TR 400/225kV 763 RULHAT,17T0000000161291,RTE,1659,1803,,400,225,0.000142817526344981,0.0634636716583472,,,,,,,,,POINT (3.2703636157177454 45.81346328751168),71933077,721.2,71933077T,
210,TR 400/225kV 761 CHESNOY (LE),17T000000014210S,RTE,1659,1803,,400,225,0.000194120909595119,0.0586522462562396,,,,,,,,,POINT (2.8668011257885 48.38932172009289),79866837,721.2,79866837T,
211,TR 400/225kV 762 CHESNOY (LE),17T000000014211Q,RTE,847,921,,400,225,0.000217155266015201,0.115092290988056,,,,,,,,,POINT (2.8668011257885 48.38932172009289),79866837,368.4,79866837T,
212,TR 400/225kV 763 CHESNOY (LE),17T000000016084Y,RTE,1659,1803,,400,225,0.000174708818635607,0.0633111480865225,,,,,,,,,POINT (2.8668011257885 48.38932172009289),79866837,721.2,79866837T,
392,TR 400/225kV 761 WARANDE,17T0000000144613,RTE,1659,1803,,400,225,0.000388241819190239,0.0621186910704382,,,,,,,,,POINT (2.1603191558249737 50.94911054822053),85203486,721.2,85203486T,
393,TR 400/225kV 762 WARANDE,17T0000000144621,RTE,1659,1803,,400,225,0.00036051026067665,0.0626733222407099,,,,,,,,,POINT (2.1603191558249737 50.94911054822053),85203486,721.2,85203486T,
394,TR 400/225kV 763 WARANDE,17T000000014464Y,RTE,1659,1803,,400,225,0.00045757071547421,0.0614254021075984,,,,,,,,,POINT (2.1603191558249737 50.94911054822053),85203486,721.2,85203486T,
395,TR 400/225kV 764 WARANDE,17T000000014465W,RTE,1659,1803,,400,225,0.000277315585135885,0.0622573488630061,,,,,,,,,POINT (2.1603191558249737 50.94911054822053),85203486,721.2,85203486T,
261,TR 400/225kV 761 JUMEAUX (LES),17T0000000149961,RTE,847,921,,400,225,0.000271444082519001,0.19028230184582,,,,,,,,,POINT (-0.0715083993004723 46.80181624810045),110450456,368.4,110450456T,
262,TR 400/225kV 762 JUMEAUX (LES),17T000000014998Y,RTE,847,921,,400,225,0.0011943539630836,0.188110749185668,,,,,,,,,POINT (-0.0715083993004723 46.80181624810045),110450456,368.4,110450456T,
381,TR 400/225kV 761 VILLEJUST,17T000000014449U,RTE,1659,1803,,400,225,0.000110926234054354,0.0587909040488075,,,,,,,,,POINT (2.2302816926420257 48.6762108544624),23287448,721.2,23287448T,
382,TR 400/225kV 762 VILLEJUST,17T0000000144508,RTE,1659,1803,,400,225,0.000138657792567942,0.0587909040488075,,,,,,,,,POINT (2.2302816926420257 48.6762108544624),23287448,721.2,23287448T,
383,TR 400/225kV 763 VILLEJUST,17T0000000144516,RTE,1659,1803,,400,225,0.000402107598447033,0.0630892956184138,,,,,,,,,POINT (2.2302816926420257 48.6762108544624),23287448,721.2,23287448T,
384,TR 400/225kV 764 VILLEJUST,17T0000000144524,RTE,1659,1803,,400,225,0.000332778702163062,0.0629506378258458,,,,,,,,,POINT (2.2302816926420257 48.6762108544624),23287448,721.2,23287448T,
385,TR 400/225kV 765 VILLEJUST,17T0000000144532,RTE,1659,1803,,400,225,0.000415973377703827,0.0637825845812535,,,,,,,,,POINT (2.2302816926420257 48.6762108544624),23287448,721.2,23287448T,
386,TR 400/225kV 766 VILLEJUST,17T000000016051C,RTE,1659,1803,,400,225,0.000130338325013866,0.0543538546866334,,,,,,,,,POINT (2.2302816926420257 48.6762108544624),23287448,721.2,23287448T,
355,TR 400/225kV 761 TERRIER,17T000000014422D,RTE,1655,1800,,400,225,2.77777777777778E-05,0.0588888888888889,,,,,,,,,POINT (2.2590062493849303 49.21758053852586),85047359,720,85047359T,
356,TR 400/225kV 762 TERRIER,17T000000014423B,RTE,1655,1800,,400,225,0.000430555555555556,0.0633333333333333,,,,,,,,,POINT (2.2590062493849303 49.21758053852586),85047359,720,85047359T,
346,TR 400/225kV 765 ST-ELOI,17T000000015659E,RTE,810,847,,400,225,0.00103305785123967,0.202184179456907,,,,,,,,,POINT (3.2122389023269755 46.99099999245737),114363583,338.8,114363583T,
347,TR 400/225kV 766 ST-ELOI,17T000000015660T,RTE,810,847,,400,225,0.000206611570247934,0.20159386068477,,,,,,,,,POINT (3.2122389023269755 46.99099999245737),114363583,338.8,114363583T,
199,TR 400/225kV 761 CAZARIL,17T0000000146063,RTE,847,921,,400,225,0.0011672095548317,0.189739413680782,,,,,,,,,POINT (0.5134819011821691 43.17131924861949),110443404,368.4,110443404T,
200,TR 400/225kV 762 CAZARIL,17T0000000146071,RTE,810,847,,400,225,0.00162337662337662,0.203364817001181,,,,,,,,,POINT (0.5134819011821691 43.17131924861949),110443404,338.8,110443404T,
300,TR 400/225kV 761 MOULAINE,17T000000015248Z,RTE,1659,1803,,400,225,0.000610094287298946,0.0500554631170272,,,,,,,,,POINT (5.7918773391955 49.48303604963929),225210595,721.2,225210595T,
301,TR 400/225kV 762 MOULAINE,17T0000000159657,RTE,1659,1803,,400,225,0.000152523571824737,0.0590682196339434,,,,,,,,,POINT (5.7918773391955 49.48303604963929),225210595,721.2,225210595T,
310,TR 400/225kV 761 PLESSIS-GASSOT,17T0000000143439,RTE,1655,1800,,400,225,0.000444444444444444,0.06375,,,,,,,,,POINT (2.432692844072572 49.03408698756378),82741307,720,82741307T,
311,TR 400/225kV 762 PLESSIS-GASSOT,17T0000000143447,RTE,1655,1800,,400,225,0.000111111111111111,0.05875,,,,,,,,,POINT (2.432692844072572 49.03408698756378),82741307,720,82741307T,
312,TR 400/225kV 763 PLESSIS-GASSOT,17T0000000143455,RTE,1655,1800,,400,225,0.000402777777777778,0.0627777777777778,,,,,,,,,POINT (2.432692844072572 49.03408698756378),82741307,720,82741307T,
313,TR 400/225kV 764 PLESSIS-GASSOT,17T0000000143463,RTE,1600,1800,,400,225,0.000388888888888889,0.0619444444444445,,,,,,,,,POINT (2.432692844072572 49.03408698756378),82741307,720,82741307T,
314,TR 400/225kV 765 PLESSIS-GASSOT,17T0000000143471,RTE,1655,1800,,400,225,0.000388888888888889,0.0626388888888889,,,,,,,,,POINT (2.432692844072572 49.03408698756378),82741307,720,82741307T,
387,TR 400/225kV 762 VILLEVAUDE,17T000000014457V,RTE,1659,1803,,400,225,0.000374376039933444,0.0635052689961176,,,,,,,,,POINT (2.662217047888657 48.9045628572712),29088787,721.2,29088787T,
388,TR 400/225kV 763 VILLEVAUDE,17T000000014458T,RTE,1660,1805,,400,225,0.000138504155124654,0.0588642659279778,,,,,,,,,POINT (2.662217047888657 48.9045628572712),29088787,722,29088787T,
389,TR 400/225kV 764 VILLEVAUDE,17T000000014459R,RTE,1660,1805,,400,225,5.54016620498615E-05,0.0585872576177285,,,,,,,,,POINT (2.662217047888657 48.9045628572712),29088787,722,29088787T,
390,TR 400/225kV 765  (769) VILLEVAUDE,17T0000000144605,RTE,1695,1842,,400,225,0.000325732899022801,0.0977198697068404,,,,,,,,,POINT (2.662217047888657 48.9045628572712),29088787,736.8,29088787T,
391,TR 400/225kV 769 VILLEVAUDE,17T0000000144605,RTE,847,921,,400,225,0.000922909880564604,0.18485342019544,,,,,,,,,POINT (2.662217047888657 48.9045628572712),29088787,368.4,29088787T,
166,TR 400/225kV 761 ARGIA (BAYONNE SUD),17T-FR-00000065R,RTE,1659,1803,,400,225,0.000235718247365502,0.0587909040488075,,,,,,,,,POINT (-1.4301433844912876 43.42139845078238),111558550,721.2,111558550T,
198,TR 400/225kV 761 CAPELLE (LA),17T000000016043B,RTE,1445,1803,,400,225,0.00012063227953411,0.0634636716583472,,,,,,,,,POINT (3.935112182325293 49.97365746445144),117975440,721.2,117975440T,
220,TR 400/225kV 761 CORNIER,17T000000014663S,RTE,1659,1803,,400,225,0.000388241819190239,0.0630892956184138,,,,,,,,,POINT (6.295157110410735 46.08462831232308),100500802,721.2,100500802T,
221,TR 400/225kV 762 CORNIER,17T000000014664Q,RTE,1630,1803,,400,225,0.000374376039933444,0.0633666112035496,,,,,,,,,POINT (6.295157110410735 46.08462831232308),100500802,721.2,100500802T,
361,TR 400/225kV 761 TRICASTIN-POSTE (LE),17T000000018368A,RTE,2654,2654,,400,225,9.41974378296911E-05,0.0479464958553127,,,,,,,,,POINT (4.715014039217039 44.32943108739138),11278540,1061.6,11278540T,
362,TR 400/225kV 762 TRICASTIN-POSTE (LE),17T0000000183698,RTE,2654,2654,,400,225,9.41974378296911E-05,0.0479464958553127,,,,,,,,,POINT (4.715014039217039 44.32943108739138),11278540,1061.6,11278540T,
363,TR 400/225kV 765 TRICASTIN-POSTE (LE),17T000000018370N,RTE,2654,2654,,400,225,9.41974378296911E-05,0.0479464958553127,,,,,,,,,POINT (4.715014039217039 44.32943108739138),11278540,1061.6,11278540T,
364,TR 400/225kV 766 TRICASTIN-POSTE (LE),17T000000018371L,RTE,2654,2654,,400,225,9.41974378296911E-05,0.0479464958553127,,,,,,,,,POINT (4.715014039217039 44.32943108739138),11278540,1061.6,11278540T,
365,TR 400/225kV 761 VALDIVIENNE,17T000000015805T,RTE,847,921,,400,225,5.42888165038002E-05,0.18485342019544,,,,,,,,,POINT (0.648894860355023 46.46572161955537),105690676,368.4,105690676T,
366,TR 400/225kV 762 VALDIVIENNE,17T000000015806R,RTE,847,921,,400,225,0.000461454940282302,0.187839305103149,,,,,,,,,POINT (0.648894860355023 46.46572161955537),105690676,368.4,105690676T,
164,TR 400/225kV 762 ALBERTVILLE,17T000000014478N,RTE,1659,1803,,400,225,0.000332778702163062,0.0597615085967831,,,,,,,,,POINT (6.418252587318362 45.66191433169308),56998024,721.2,56998024T,
165,TR 400/225kV 763 ALBERTVILLE,17T000000016016E,RTE,1575,1803,,400,225,0.000152523571824737,0.0636439267886855,,,,,,,,,POINT (6.418252587318362 45.66191433169308),56998024,721.2,56998024T,
280,TR 400/225kV 761 MARMAGNE,17T0000000151822,RTE,1659,1803,,400,225,0.000152523571824737,0.0636023294509151,,,,,,,,,POINT (2.2603565222038102 47.10193725938209),23286313,721.2,23286313T,
227,TR 400/225kV 761 CUBNEZAIS,17T000000014694H,RTE,1655,1800,,400,225,0.000402777777777778,0.0622222222222222,,,,,,,,,POINT (-0.4355296546209813 45.06876009183591),235370803,720,235370803T,
228,TR 400/225kV 762 CUBNEZAIS,17T000000014695F,RTE,1655,1800,,400,225,6.94444444444444E-05,0.0588888888888889,,,,,,,,,POINT (-0.4355296546209813 45.06876009183591),235370803,720,235370803T,
396,TR 400/225kV 761 WEPPES,17T000000014466U,RTE,1659,1803,,400,225,0.000429839156960621,0.0643372157515252,,,,,,,,,POINT (2.894944190777102 50.64433889523531),85605959,721.2,85605959T,
397,TR 400/225kV 762 WEPPES,17T000000014467S,RTE,1659,1803,,400,225,0.000374376039933444,0.0633666112035496,,,,,,,,,POINT (2.894944190777102 50.64433889523531),85605959,721.2,85605959T,
251,TR 400/225kV 761 GRANZAY,17T0000000148876,RTE,1659,1803,,400,225,0.00026344980587909,0.0622573488630061,,,,,,,,,POINT (-0.5185456036053672 46.21868203266918),105630888,721.2,105630888T,
252,TR 400/225kV 762 GRANZAY,17T0000000148884,RTE,1659,1803,,400,225,0.000332778702163062,0.062396006655574,,,,,,,,,POINT (-0.5185456036053672 46.21868203266918),105630888,721.2,105630888T,
253,TR 400/225kV 763 GRANZAY,17T0000000148892,RTE,1659,1803,,400,225,0.000429839156960621,0.0632279534109817,,,,,,,,,POINT (-0.5185456036053672 46.21868203266918),105630888,721.2,105630888T,
325,TR 400/225kV 764 REVIGNY,17T000000015487H,RTE,850,925,,400,225,0.00159459459459459,0.187297297297297,,,,,,,,,POINT (4.998007903343888 48.81786201434056),138382023,370,138382023T,
326,TR 400/225kV 765 REVIGNY,17T000000015938A,RTE,1659,1803,,400,225,0.000124792013311148,0.0593455352190793,,,,,,,,,POINT (4.998007903343888 48.81786201434056),138382023,721.2,138382023T,
234,TR 400/225kV 764 DOMLOUP,17T000000014725W,RTE,1659,1803,,400,225,0.000346644481419856,0.0605934553521908,,,,,,,,,POINT (-1.5561146152403968 48.09291698283421),85995894,721.2,85995894T,
235,TR 400/225kV 765 DOMLOUP,17T000000014726U,RTE,1659,1803,,400,225,0.000124792013311148,0.0590682196339434,,,,,,,,,POINT (-1.5561146152403968 48.09291698283421),85995894,721.2,85995894T,
195,TR 400/225kV 761 CALAN,17T000000016006H,RTE,1540,1803,,400,225,0.000113699389905713,0.0637132556849695,,,,,,,,,POINT (-3.302988870976443 47.88070051817289),210389707,721.2,210389707T,
343,TR 400/225kV 762 SIERENTZ,17T000000015606Z,RTE,840,913,,400,225,0.00153340635268346,0.191401971522453,,,,,,,,,POINT (7.472244907481821 47.64663556568658),49049745,365.2,49049745T,
344,TR 400/225kV 764 SIERENTZ,17T000000015607X,RTE,840,913,,400,225,0.00169769989047098,0.191401971522453,,,,,,,,,POINT (7.472244907481821 47.64663556568658),49049745,365.2,49049745T,
272,TR 400/225kV 761 MAMBELIN,17T000000015150F,RTE,840,913,,400,225,0.000602409638554217,0.191675794085433,,,,,,,,,POINT (6.663591631876476 47.36726218345579),39389229,365.2,39389229T,
273,TR 400/225kV 762 MAMBELIN,17T000000015151D,RTE,840,913,,400,225,0.00052026286966046,0.194140197152245,,,,,,,,,POINT (6.663591631876476 47.36726218345579),39389229,365.2,39389229T,
274,TR 400/225kV 763 MAMBELIN,17T000000015152B,RTE,840,913,,400,225,0.000465498357064622,0.188116100766703,,,,,,,,,POINT (6.663591631876476 47.36726218345579),39389229,365.2,39389229T,
229,TR 400/225kV 761 DAMBRON,17T0000000147051,RTE,1655,1800,,400,225,0.000125,0.0588888888888889,,,,,,,,,POINT (1.855706801990768 48.1068751002881),86260748,720,86260748T,
340,TR 400/225kV 761 SCHEER,17T000000015574M,RTE,1659,1803,,400,225,0.000163616195230172,0.0544509151414309,,,,,,,,,POINT (7.519253196765959 48.35673002339588),214483816,721.2,214483816T,
169,TR 400/225kV 761 ATTAQUES (LES),17T000000014162D,RTE,847,921,,400,225,2.71444082519001E-05,0.201682953311618,,,,,,,,,POINT (1.913830101628324 50.921110276768616),85198005,368.4,85198005T,
170,TR 400/225kV 762 ATTAQUES (LES),17T000000014163B,RTE,847,921,,400,225,0.0010043431053203,0.18485342019544,,,,,,,,,POINT (1.913830101628324 50.921110276768616),85198005,368.4,85198005T,
254,TR 400/225kV 761 GROSNE,17T0000000148965,RTE,1659,1803,,400,225,0.000318912922906267,0.062396006655574,,,,,,,,,POINT (4.711010142453491 46.62957828984784),122563466,721.2,122563466T,
255,TR 400/225kV 762 GROSNE,17T0000000148973,RTE,1659,1803,,400,225,0.000138657792567942,0.0629506378258458,,,,,,,,,POINT (4.711010142453491 46.62957828984784),122563466,721.2,122563466T,
398,TR 400/225kV 761 YVELINES-OUEST,17T000000015900Z,RTE,1659,1803,,400,225,0.000155296727676095,0.0597615085967831,,,,,,,,,POINT (1.8288185348619967 48.80437562641003),117350758,721.2,117350758T,
357,TR 400/225kV 763 TOURBE,17T000000014432A,RTE,1661,1806,,400,225,0.000332225913621263,0.063953488372093,,,,,,,,,POINT (-0.2642733540252699 49.10824354913046),85895367,722.4,85895367T,
358,TR 400/225kV 764 TOURBE,17T0000000144338,RTE,1661,1806,,400,225,0.000401439645625692,0.062984496124031,,,,,,,,,POINT (-0.2642733540252699 49.10824354913046),85895367,722.4,85895367T,
306,TR 400/225kV 761 NEOULES,17T000000015293U,RTE,1659,1803,,400,225,0.000180255130338325,0.0582362728785358,,,,,,,,,POINT (6.022482457568344 43.27631415693425),93189928,721.2,93189928T,
307,TR 400/225kV 762 NEOULES,17T000000015294S,RTE,1659,1803,,400,225,0.000388241819190239,0.062534664448142,,,,,,,,,POINT (6.022482457568344 43.27631415693425),93189928,721.2,93189928T,
243,TR 400/225kV 761 GRANDE-ILE,17T000000014818P,RTE,847,921,,400,225,5.42888165038002E-05,0.191639522258415,,,,,,,,,POINT (6.028007762136348 45.47076424063745),84182609,368.4,84182609T,
244,TR 400/225kV 762 GRANDE-ILE,17T000000014819N,RTE,815,921,,400,225,0.00122149837133551,0.193268186753529,,,,,,,,,POINT (6.028007762136348 45.47076424063745),84182609,368.4,84182609T,
379,TR 400/225kV 765 VINCEY,17T000000015857A,RTE,1659,1803,,400,225,0.000124792013311148,0.0587909040488075,,,,,,,,,POINT (6.32642301292458 48.35379543297753),81758476,721.2,81758476T,
380,TR 400/225kV 766 VINCEY,17T0000000158588,RTE,1659,1803,,400,225,0.000402107598447033,0.0626733222407099,,,,,,,,,POINT (6.32642301292458 48.35379543297753),81758476,721.2,81758476T,
345,TR 400/225kV 761 ST-AVOLD,17T000000015647L,RTE,1659,1803,,400,225,0.000180255130338325,0.0590682196339434,,,,,,,,,POINT (6.703650244433096 49.138535647845536),129378915,721.2,129378915T,
359,TR 400/225kV 761 TRANS,17T0000000159665,RTE,1560,1803,,400,225,0.000124792013311148,0.0636439267886855,,,,,,,,,POINT (6.475146630571678 43.51007304351553),121297422,721.2,121297422T,
360,TR 400/225kV 762 TRANS,17T0000000159673,RTE,1659,1803,,400,225,0.000152523571824737,0.0632279534109817,,,,,,,,,POINT (6.475146630571678 43.51007304351553),121297422,721.2,121297422T,
341,TR 400/225kV 761 SEREIN,17T000000015581P,RTE,1659,1803,,400,225,0.000124792013311148,0.0592068774265114,,,,,,,,,POINT (3.7409523113776846 47.88650859660898),81228088,721.2,81228088T,
342,TR 400/225kV 762 SEREIN,17T0000000156026,RTE,1659,1803,,400,225,0.000166389351081531,0.0592068774265114,,,,,,,,,POINT (3.7409523113776846 47.88650859660898),81228088,721.2,81228088T,
189,TR 400/225kV 761 BOISSE (LA),17T000000014572V,RTE,1659,1803,,400,225,9.70604547975596E-05,0.0587909040488075,,,,,,,,,POINT (5.023123495057105 45.838444542938426),24025291,721.2,24025291T,
190,TR 400/225kV 762 BOISSE (LA),17T000000014573T,RTE,1659,1803,,400,225,0.000138657792567942,0.055185801442041,,,,,,,,,POINT (5.023123495057105 45.838444542938426),24025291,721.2,24025291T,
353,TR 400/225kV 763 TAVEL,17T000000015763J,RTE,1660,1805,,400,225,0.000193905817174515,0.0590027700831025,,,,,,,,,POINT (4.642847137153922 44.01497155555933),110086345,722,110086345T,
354,TR 400/225kV 764 TAVEL,17T000000015764H,RTE,1660,1805,,400,225,0.000207756232686981,0.0588642659279778,,,,,,,,,POINT (4.642847137153922 44.01497155555933),110086345,722,110086345T,
257,TR 400/225kV 762 HAVRE (LE) (POSTE),17T0000000142815,RTE,1659,1803,,400,225,0.000152523571824737,0.0589295618413755,,,,,,,,,POINT (0.1481989297050002 49.4777313174629),118244194,721.2,118244194T,
258,TR 400/225kV 763 HAVRE (LE) (POSTE),17T0000000142823,RTE,1659,1803,,400,225,8.31946755407654E-05,0.0586522462562396,,,,,,,,,POINT (0.1481989297050002 49.4777313174629),118244194,721.2,118244194T,
182,TR 400/225kV 761 BAYET,17T000000014547U,RTE,847,921,,400,225,0.00168295331161781,0.190010857763301,,,,,,,,,POINT (3.2951427185568893 46.27305908210421),71933086,368.4,71933086T,
183,TR 400/225kV 762 BAYET,17T000000014548S,RTE,775,910,,400,225,0.00195054945054945,0.193681318681319,,,,,,,,,POINT (3.2951427185568893 46.27305908210421),71933086,364,71933086T,
184,TR 400/225kV 763 BAYET,17T000000014549Q,RTE,795,921,,400,225,0.00184581976112921,0.191639522258415,,,,,,,,,POINT (3.2951427185568893 46.27305908210421),71933086,368.4,71933086T,
167,TR 400/225kV 761 ARGOEUVES,17T000000014153E,RTE,1659,1803,,400,225,0.000388241819190239,0.0626733222407099,,,,,,,,,POINT (2.250021749287392 49.93963607395799),36805588,721.2,36805588T,
168,TR 400/225kV 763 ARGOEUVES,17T000000014154C,RTE,1659,1803,,400,225,0.000429839156960621,0.0640599001663894,,,,,,,,,POINT (2.250021749287392 49.93963607395799),36805588,721.2,36805588T,
171,TR 400/225kV 761 AVELIN,17T0000000141738,RTE,1659,1803,,400,225,0.000402107598447033,0.0633666112035496,,,,,,,,,POINT (3.082279533140677 50.52484805919222),85605950,721.2,85605950T,
172,TR 400/225kV 762 AVELIN,17T0000000141746,RTE,1659,1803,,400,225,0.000388241819190239,0.0626733222407099,,,,,,,,,POINT (3.082279533140677 50.52484805919222),85605950,721.2,85605950T,
173,TR 400/225kV 763 AVELIN,17T0000000141754,RTE,1659,1803,,400,225,0.000388241819190239,0.0629506378258458,,,,,,,,,POINT (3.082279533140677 50.52484805919222),85605950,721.2,85605950T,
327,TR 400/225kV 762 ROUGEMONTIER,17T000000014393V,RTE,847,921,,400,225,0.000162866449511401,0.194896851248643,,,,,,,,,POINT (0.7355471588321016 49.34348974267446),85827397,368.4,85827397T,
328,TR 400/225kV 763 ROUGEMONTIER,17T000000014394T,RTE,1659,1803,,400,225,0.000568496949528564,0.0621186910704382,,,,,,,,,POINT (0.7355471588321016 49.34348974267446),85827397,721.2,85827397T,
329,TR 400/225kV 765 ROUGEMONTIER,17T000000014396P,RTE,1659,1803,,400,225,0.000277315585135885,0.0618413754853023,,,,,,,,,POINT (0.7355471588321016 49.34348974267446),85827397,721.2,85827397T,
185,TR 400/225kV 761 BEZAUMONT,17T000000014558P,RTE,847,921,,400,225,0.000434310532030402,0.191639522258415,,,,,,,,,POINT (6.097581672005587 48.857283878401695),81665271,368.4,81665271T,
186,TR 400/225kV 762 BEZAUMONT,17T000000014559N,RTE,847,921,,400,225,0.000407166123778502,0.193539630836048,,,,,,,,,POINT (6.097581672005587 48.857283878401695),81665271,368.4,81665271T,
224,TR 400/225kV 765 CRENEY,17T000000014685I,RTE,845,884,,400,225,0.000989819004524887,0.128393665158371,,,,,,,,,POINT (4.13769568463643 48.34711693277479),120707003,353.6,120707003T,
225,TR 400/225kV 766 CRENEY,17T000000014686G,RTE,847,885,,400,225,0.00104519774011299,0.103107344632768,,,,,,,,,POINT (4.13769568463643 48.34711693277479),120707003,354,120707003T,
226,TR 400/225kV 768 CRENEY,17T000000014687E,RTE,1659,1803,,400,225,0.000152523571824737,0.0587909040488075,,,,,,,,,POINT (4.13769568463643 48.34711693277479),120707003,721.2,120707003T,
370,TR 400/225kV 761 VERFEIL,17T000000015819I,RTE,1660,1805,,400,225,0.000193905817174515,0.0590027700831025,,,,,,,,,POINT (1.672188296784515 43.62955137980047),109817708,722,109817708T,
371,TR 400/225kV 762 VERFEIL,17T000000015820X,RTE,1660,1805,,400,225,0.000193905817174515,0.0583102493074792,,,,,,,,,POINT (1.672188296784515 43.62955137980047),109817708,722,109817708T,
270,TR 400/225kV 766 LOGELBACH,17T000000015060G,RTE,840,913,,400,225,0.00175246440306681,0.191401971522453,,,,,,,,,POINT (7.306425645730387 48.08351871761663),118079877,365.2,118079877T,
271,TR 400/225kV 767 LOGELBACH,17T000000015061E,RTE,840,913,,400,225,0.00156078860898138,0.19249726177437,,,,,,,,,POINT (7.306425645730387 48.08351871761663),118079877,365.2,118079877T,
246,TR 400/225kV 761 GAUDIERE (LA),17T000000014850T,RTE,847,921,,400,225,0.00233441910966341,0.202225841476656,,,,,,,,,POINT (2.677401396763853 43.24104518562612),98890904,368.4,98890904T,
247,TR 400/225kV 762 GAUDIERE (LA),17T000000014851R,RTE,1660,1805,,400,225,9.69529085872576E-05,0.0591412742382272,,,,,,,,,POINT (2.677401396763853 43.24104518562612),98890904,722,98890904T,
377,TR 400/225kV 761 VIGY,17T000000015851M,RTE,1659,1803,,400,225,0.000207986688851913,0.0592068774265114,,,,,,,,,POINT (6.276941809559781 49.19774007233576),81641090,721.2,81641090T,
378,TR 400/225kV 763 VIGY,17T000000015852K,RTE,1659,1803,,400,225,0.000180255130338325,0.0593455352190793,,,,,,,,,POINT (6.276941809559781 49.19774007233576),81641090,721.2,81641090T,
194,TR 400/225kV 762 BREUIL (LE),17T000000014586K,RTE,847,921,,400,225,0.001085776330076,0.186210640608035,,,,,,,,,POINT (2.214151787803937 45.24627070286667),82306874,368.4,82306874T,
281,TR 400/225kV 761 MARSILLON,17T000000016017C,RTE,1660,1805,,400,225,0.00147271468144044,0.063185595567867,,,,,,,,,POINT (-0.595459522044191 43.38588681989828),111414142,722,111414142T,
317,TR 400/225kV 761 PLAN-D ORGON,17T000000014136E,RTE,847,921,,400,225,0.000678610206297503,0.207383279044517,,,,,,,,,POINT (5.017941674506537 43.82718753588387),241189382,368.4,241189382T,
335,TR 400/225kV 761 SAUCATS,17T000000015569F,RTE,1659,1803,,400,225,0.00036051026067665,0.062534664448142,,,,,,,,,POINT (-0.6136875659121412 44.61410792127042),111456385,721.2,111456385T,
336,TR 400/225kV 762 SAUCATS,17T000000015570U,RTE,1660,1805,,400,225,0.00018005540166205,0.0584487534626039,,,,,,,,,POINT (-0.6136875659121412 44.61410792127042),111456385,722,111456385T,
337,TR 400/225kV 763 SAUCATS,17T000000016008D,RTE,1659,1803,,400,225,0.000231558513588464,0.0560593455352191,,,,,,,,,POINT (-0.6136875659121412 44.61410792127042),111456385,721.2,111456385T,
296,TR 400/225kV 761 MORBRAS,17T0000000143285,RTE,1659,1803,,400,225,0.000346644481419856,0.0629506378258458,,,,,,,,,POINT (2.6482418568513992 48.778846986017214),27266058,721.2,27266058T,
297,TR 400/225kV 762 MORBRAS,17T0000000143293,RTE,1659,1803,,400,225,0.000374376039933444,0.0630892956184138,,,,,,,,,POINT (2.6482418568513992 48.778846986017214),27266058,721.2,27266058T,
298,TR 400/225kV 763 MORBRAS,17T000000014330I,RTE,1659,1803,,400,225,0.000388241819190239,0.0626733222407099,,,,,,,,,POINT (2.6482418568513992 48.778846986017214),27266058,721.2,27266058T,
299,TR 400/225kV 764 MORBRAS,17T000000014331G,RTE,1659,1803,,400,225,0.000429839156960621,0.0629506378258458,,,,,,,,,POINT (2.6482418568513992 48.778846986017214),27266058,721.2,27266058T,
126,TR Martonvasar TR1,15T-M0000000817H,MAVIR,1250,1250,,231,400,0.000578354978354978,0.0438787878787879,-288.75,0,,,,,,,POINT (18.833194336411143 47.3377517985752),100804905,288.75,100804905T,
127,TR Martonvasar TR2,15T-M0000000818F,MAVIR,1250,1250,,231,400,0.000775757575757576,0.0461298701298701,-5197.5,0,,,,,,,POINT (18.833194336411143 47.3377517985752),100804905,288.75,100804905T,
125,TR Sajoszoged TR3,15T-M0000001145Z,MAVIR,1250,1250,,231,400,0.000869264069264069,0.0443636363636364,-5197.5,0,,,,,,,POINT (20.969864222342363 47.94293009073979),155227474,288.75,155227474T,
T_40,,,MAVIR,,,,,,0.000869264069264069,0.0443636363636364,-5197.5,0,,,,,,Added for coherence. Not in the data.,POINT (17.69353919510682 47.67317579242793),124244078,242,124244078T,
T_41,,,MAVIR,,,,,,0.000869264069264069,0.0443636363636364,-5197.5,0,,,,,,Added for coherence. Not in the data.,POINT (17.69353919510682 47.67317579242793),124244078,242,124244078TT,
T_42,,,MAVIR,,,,,,0.000869264069264069,0.0443636363636364,-5197.5,0,,,,,,Added for coherence. Not in the data.,POINT (19.162471390835982 47.69224259917039),100872886,145.2,100872886T,
T_43,,,MAVIR,,,,,,0.000869264069264069,0.0443636363636364,-5197.5,0,,,,,,Added for coherence. Not in the data.,POINT (19.162471390835982 47.69224259917039),100872886,145.2,100872886TT,
T_44,,,MAVIR,,,,,,0.000869264069264069,0.0443636363636364,-5197.5,0,,,,,,Added for coherence. Not in the data.,POINT (22.1674534644767 48.146220305221405),859708761,2640,859708761T,
T_45,,,MAVIR,,,,,,0.000869264069264069,0.0443636363636364,-5197.5,0,,,,,,Added for coherence. Not in the data.,POINT (20.147962066669336 47.20531334345898),252028146,217.8,252028146T,
T_46,,,MAVIR,,,,,,0.000869264069264069,0.0443636363636364,-5197.5,0,,,,,,Added for coherence. Not in the data.,POINT (20.147962066669336 47.20531334345898),252028146,217.8,252028146TT,
120,TR 1 400/220 Konjsko,31T-0000-B-0004S,HOPS,1000,1000,,400,231,0.000485,0.039,-3464,960,,0,Asymmetrical,5,0,,POINT (16.501137760625255 43.60034628306173),43337263,400,43337263T,
121,TR 2 400/220 Konjsko,31T-0000-B-0005Q,HOPS,1000,1000,,400,231,0.0004875,0.039,-3160,960,,0,Asymmetrical,5,0,,POINT (16.501137760625255 43.60034628306173),43337263,400,43337263T,
122,TR1 400/220 kV Melina,31T-0000-B-0002W,HOPS,1000,1000,,400,231,0.00049,0.03875,-3768,1000,,0,Asymmetrical,5,0,,POINT (14.564047324517 45.31627413145602),89817617,400,89817617T,
123,TR2 400/220 kV Melina,31T-0000-B-0003U,HOPS,1000,1000,,400,231,0.0005175,0.03975,-2196,960,,0,Asymmetrical,5,0,,POINT (14.564047324517 45.31627413145602),89817617,400,89817617T,
124,TR4 400/220 kV Zerjavinec,31T-0000-B-0001Y,HOPS,1000,1000,,400,231,0.0004875,0.04075,-12884,480,-12,12,0,Symmetrical/Asymmetrical,"0/1,5","0,9/0",usually works in asymmetrical mode,POINT (16.16273069829474 45.8760846741548),89820062,400,89820062T
427,TR Eemshaven Hogeland 380kV TR 421,49T000000000184P,TENNET NL,1140,1140,,400,220,0.000199561403508772,0.0691425438596491,-4716.18,442.092,,,,,,,POINT (6.874131201012804 53.42484849242661),89178675,456,89178675T,
428,TR Eemshaven 380kV TR 423,49T000000000183R,TENNET NL,1140,1140,,400,220,0.000199561403508772,0.0691425438596491,-4716.18,442.092,,,,,,,POINT (6.874131201012804 53.42484849242661),89178675,456,89178675T,
429,TR Eemshaven 380kV TR 401,49T000000000181V,TENNET NL,1140,1140,,400,220,0.0002,0.0670723684210526,-4716.18,442.092,,,,,,,POINT (6.874131201012804 53.42484849242661),89178675,456,89178675T,
430,TR Eemshaven 380kV TR 402,49T000000000182T,TENNET NL,1140,1140,,400,220,0.000199561403508772,0.0694495614035088,-4716.18,442.092,,,,,,,POINT (6.874131201012804 53.42484849242661),89178675,456,89178675T,
431,TR Ens 380kV TR 404,49T000000000187J,TENNET NL,1140,1140,,400,220,0.000244736842105263,0.0941293859649123,-3139.7652,337.896,,,,,,,POINT (5.8093117557459255 52.6178527190537),87177559,456,87177559T,
432,TR Ens 380kV TR 402,49T000000000185N,TENNET NL,760,760,,400,220,0.0003,0.103493421052632,-3144.12,294.728,,,,,,,POINT (5.8093117557459255 52.6178527190537),87177559,304,87177559T,
433,TR Ens 380kV TR 403,49T000000000186L,TENNET NL,760,760,,400,220,0.000696381578947368,0.141894736842105,-2098.17456,172.6416,,,,,,,POINT (5.8093117557459255 52.6178527190537),87177559,304,87177559T,
434,TR Meeden 380kV TR 402,49T000000000188H,TENNET NL,1140,1140,,400,220,0.000137280701754386,0.0672214912280702,-4717.0464,432.6528,,,,,,,POINT (6.946177850535324 53.12400016159352),87342758,456,87342758T,
T_47,,,PSE,,,,,,0.000102318145483613,0.0205318411937117,-4356.951525,0,,,,,,Added for coherence. Not in the data.,POINT (16.730579502880015 54.041438766128),534238983,348.48,534238983T,
T_48,,,PSE,,,,,,0.000102318145483613,0.0205318411937117,-4356.951525,0,,,,,,Added for coherence. Not in the data.,POINT (16.730579502880015 54.041438766128),534238983,348.48,534238983TT,
151,TR OLSZTYN-MATK-A3,19T1100000065818,PSE,330,330,,400,220,0.00139318181818182,0.137643939393939,-1140.0048,0,,0,Asymmetrical,1.01,0,,POINT (20.347969832710763 53.82734512222287),101914781,132,101914781T,
133,TR JOACHIMOW-A1,19T110000006523M,PSE,500,500,,400,220,0.000581,0.056965,-475.2,0,,0,Asymmetrical,1.01,0,,POINT (19.31664465190049 50.7600330919747),241842600,200,241842600T,
134,TR JOACHIMOW-A2,19T110000006524K,PSE,500,500,,400,220,0.000581,0.057985,-1252.06,0,,0,Asymmetrical,1.01,0,,POINT (19.31664465190049 50.7600330919747),241842600,200,241842600T,
139,TR KRAJNIK-A2,19T000000003616I,PSE,400,400,,400,220,0.00139125,0.08588125,-6158.672,0,,0,Asymmetrical,1.147,0,,POINT (14.47590483347398 53.19603562013435),39428977,160,39428977T,
140,TR KRAJNIK-A3,19T000000003617G,PSE,500,500,,400,220,0.000629,0.06437,-615.7,0,,0,Asymmetrical,1.01,0,,POINT (14.47590483347398 53.19603562013435),39428977,200,39428977T,
T_49,,,PSE,,,,,,0.000102318145483613,0.0205318411937117,-4356.951525,0,,,,,,Added for coherence. Not in the data.,POINT (18.10777603223455 53.13552223339681),46235456,254.1,46235456T,
T_50,,,PSE,,,,,,0.000102318145483613,0.0205318411937117,-4356.951525,0,,,,,,Added for coherence. Not in the data.,POINT (18.10777603223455 53.13552223339681),46235456,254.1,46235456TT,
152,TR OLTARZEW-A1,19T1100000065842,PSE,500,500,,400,220,0.000629,0.0575,-595.04,0,,0,Asymmetrical,1.01,0,,POINT (20.74197075352406 52.22703334836731),251239544,200,251239544T,
153,TR OLTARZEW-A2,19T1100000065850,PSE,500,500,,400,220,0.000629,0.05755,-557.86,0,,0,Asymmetrical,1.01,0,,POINT (20.74197075352406 52.22703334836731),251239544,200,251239544T,
156,TR POLANIEC-A2,19T110000006601S,PSE,400,400,,400,220,0.00169375,0.09223125,-4145.456,0,,0,Asymmetrical,0.722,0,,POINT (21.331951681625576 50.44263019862361),199098053,160,199098053T,
162,TR SWIEBODZICE-A3,19T000000003947W,PSE,500,500,,400,220,0.000605,0.061855,-520.66,0,,0,Asymmetrical,1.01,0,,POINT (16.35205559307578 50.85425617326064),179138441,200,179138441T,
154,TR OSTROLEKA-A1,19T000000006378U,PSE,500,500,,400,220,0.000605,0.056385,-570.24,0,,0,Asymmetrical,1.01,0,,POINT (21.62328907325667 53.10695732515023),121656686,200,121656686T,
130,TR DUNOWO-A1,19T0000000035667,PSE,400,400,,400,220,0.0015425,0.0844,-1788.432,0,,0,Asymmetrical,0.722,0,,POINT (16.09578068682926 54.12665282156059),175406958,160,175406958T,
141,TR LAGISZA-A2,19T1100000065478,PSE,500,500,,400,220,0.000629,0.063985,-1132.24,0,,0,Asymmetrical,1.01,0,,POINT (19.141070938896583 50.35215116734192),66161634,200,66161634T,
T_51,,,PSE,,,,,,0.000102318145483613,0.0205318411937117,-4356.951525,0,,,,,,Added for coherence. Not in the data.,POINT (16.779157205997596 52.36851025755978),32036484,283.14,32036484T,
T_52,,,PSE,,,,,,0.000102318145483613,0.0205318411937117,-4356.951525,0,,,,,,Added for coherence. Not in the data.,POINT (16.779157205997596 52.36851025755978),32036484,283.14,32036484TT,
138,TR KOZIENICE-A2,19T110000006540M,PSE,500,500,,400,220,0.000871,0.05542,-752.06,0,,0,Asymmetrical,1.263,0,,POINT (21.455742467284548 51.66246102784337),173582810,200,173582810T,
142,TR MIKULOWA-A1,19T000000004057N,PSE,500,500,,400,220,0.0005325,0.04719,-702.48,0,,0,Asymmetrical,1.124,0,,POINT (15.11296631963804 51.09154883783439),111615226,200,111615226T,
143,TR MIKULOWA-A2,19T000000004058L,PSE,500,500,,400,220,0.0005325,0.04719,-702.48,0,,0,Asymmetrical,1.124,0,,POINT (15.11296631963804 51.09154883783439),111615226,200,111615226T,
158,TR ROGOWIEC-A1,19T110000006626C,PSE,500,500,,400,220,0.0007745,0.06229,-334.72,0,,0,Asymmetrical,0,0,,POINT (19.328538005835668 51.31611791431296),293484891,200,293484891T,
159,TR ROGOWIEC-A2,19T110000006627A,PSE,500,500,,400,220,0.000605,0.060575,-491.74,0,,0,Asymmetrical,1.01,0,,POINT (19.328538005835668 51.31611791431296),293484891,200,293484891T,
137,TR KIELCE-A1,19T110000006530P,PSE,500,500,,400,220,0.000726,0.05861,-673.56,0,,0,Asymmetrical,1.263,0,,POINT (20.41507740455554 50.89982876670864),199098050,200,199098050T,
132,PST GRUDZIADZ-A3,19T110000006511T,PSE,500,500,,400,220,0.00075,0.062435,-1545.46,0,,90,Symmetrical,0,0.758,Change of tap position of phase shifting transformer (400/220) in substation Grudziadz,POINT (18.80463282892572 53.44672924498167),46092396,200,46092396T,
T_53,,,PSE,,,,,,0.00146666666666667,0.143219696969697,-1101.8172,0,,,,,,Added for coherence. Not in the data.,POINT (19.805877518997622 49.97486709403059),189501431,880.88,189501431T,
T_54,,,PSE,,,,,,0.00146666666666667,0.143219696969697,-1101.8172,0,,,,,,Added for coherence. Not in the data.,POINT (19.805877518997622 49.97486709403059),189501431,880.88,189501431TT,
128,TR BYCZYNA-A1,19T1100000064579,PSE,500,500,,400,220,0.000605,0.06016,-388.42,0,,0,Asymmetrical,1.01,0,,POINT (19.29211972431964 50.16377749744904),133537926,200,133537926T,
129,TR BYCZYNA-A2,19T1100000064587,PSE,500,500,,400,220,0.000605,0.06016,-388.42,0,,0,Asymmetrical,1.01,0,,POINT (19.29211972431964 50.16377749744904),133537926,200,133537926T,
155,TR PATNOW-A2,19T110000006597U,PSE,500,500,,400,220,0.000726,0.064225,-1305.78,0,,0,Asymmetrical,1.035,0,,POINT (18.234986535587893 52.30511153971919),255284259,200,255284259T,
163,TR WIELOPOLE-A3,19T000000003959P,PSE,400,400,,400,220,0.001815,0.09819375,-3890.912,0,,0,Asymmetrical,1.279,0,,POINT (18.541038368045708 50.12301278797003),139452056,160,139452056T,
157,TR POLKOWICE-A3,19T0000000064187,PSE,500,500,,400,220,0.000581,0.057185,-619.84,0,,0,Asymmetrical,1.01,0,,POINT (16.075549721007338 51.49638358417502),180542657,200,180542657T,
150,TR MILOSNA-A3,19T1100000065648,PSE,400,400,,400,220,0.001603125,0.0830375,-4393.392,0,,0,Asymmetrical,0,0,,POINT (21.2893728759338 52.22700520918752),99593626,160,99593626T,
131,TR GDANSK-A3,19T110000006503S,PSE,330,330,,400,220,0.00146666666666667,0.143219696969697,-1101.8172,0,,0,Asymmetrical,1.01,0,,POINT (18.44123523121401 54.33756663385635),154838041,132,154838041T,
T_55,,,PSE,,,,,,0.000102318145483613,0.0205318411937117,-4356.951525,0,,,,,,Added for coherence. Not in the data.,POINT (14.896377355401324 53.35462091183533),32943179,271.04,32943179T,
T_56,,,PSE,,,,,,0.000102318145483613,0.0205318411937117,-4356.951525,0,,,,,,Added for coherence. Not in the data.,POINT (14.896377355401324 53.35462091183533),32943179,271.04,32943179TT,
413,TR Mintia 400/220 1,30T-MINT400AT3-T,TEL,,,577,400,231,0.00236048526863085,0.204839688041594,-1148.9224,108.19904,8,-2,0,Symmetrical,1.25,,,POINT (22.831707548362505 45.916591069929446),97402111,230.8,97402111T
414,TR Mintia 400/220 2,30T-MINT400AT4-Q,TEL,,,577,400,231,0.00234142114384749,0.204146447140381,-1148.9224,108.19904,8,-2,0,Symmetrical,1.25,,,POINT (22.831707548362505 45.916591069929446),97402111,230.8,97402111T
411,TR Lacu Sarat 400/220 1,30T-LACS400AT3-Q,TEL,,,577,400,231,0.00211005199306759,0.206052859618718,-1149.8456,98.52852,8,-3,0,Symmetrical,1.25,,,POINT (27.85553151895673 45.22323473923632),196672665,230.8,196672665T
412,TR Lacu Sarat 400/220 2,30T-LACS400AT4-N,TEL,,,577,400,231,0.00210745233968804,0.205883882149047,-1150.0764,95.34348,8,-3,0,Symmetrical,1.25,,,POINT (27.85553151895673 45.22323473923632),196672665,230.8,196672665T
419,TR Sibiu Sud 400/220 1,30T-SIBI400AT5-M,TEL,,,577,400,231,0.00260831889081456,0.189233102253033,-1150.7688,86.55,10,0,0,Symmetrical,1.25,,,POINT (24.194666893102585 45.78549161911413),196654321,230.8,196654321T
420,TR Sibiu Sud 400/220 2,30T-SIBI400AT6-J,TEL,,,577,400,231,0.00260831889081456,0.189233102253033,-1150.7688,86.55,10,0,0,Symmetrical,1,,,POINT (24.194666893102585 45.78549161911413),196654321,230.8,196654321T
418,TR Rosiori 400/220,30T-ROSI400AT--1,TEL,,,577,400,231,0.0021317157712305,0.206226169844021,-1148.9224,108.19904,8,0,0,Symmetrical,1.25,,,POINT (23.22035717135328 47.70876933053899),182655738,230.8,182655738T
408,TR Gutinas 400/220 1,30T-GUTI400AT5-2,TEL,,,577,400,231,0.002842287694974,0.184202772963605,-1150.538,89.435,8,-1,0,Symmetrical,1.25,,,POINT (26.822245621865967 46.22381422864739),125672002,230.8,125672002T
409,TR Gutinas 400/220 2,30T-GUTI400AT61W,TEL,,,577,400,231,0.002842287694974,0.184202772963605,-1150.538,89.435,8,-1,0,Symmetrical,1.25,,,POINT (26.822245621865967 46.22381422864739),125672002,230.8,125672002T
410,TR Iernut 400/220 1,30T-IERN400AT1-U,TEL,,,577,400,231,0.00366117850953206,0.176217504332756,-1146.6144,129.825,7,0,0,Symmetrical,1.25,,,POINT (24.18299356428424 46.46617943259868),234876695,230.8,234876695T
424,TR Iernut 400/220 2,30TIERN400AT2--1,TEL,,,577,400,231,0.00221837088388215,0.204488734835355,-824.814576,100.1672,-7,0,0,Symmetrical,,,,POINT (24.18299356428424 46.46617943259868),234876695,230.8,234876695T
415,TR Portile de Fier 400/220 1,30T-PDFE400AT1-A,TEL,,,721,400,231,0.00159778085991678,0.140904993065187,-1248.772,180.25,6,0,0,Symmetrical,1.25,,,POINT (22.53886411495268 44.67241119823274),228718321,288.4,228718321T
416,TR Portile de Fier 400/220 2,30T-PDFE400AT2-7,TEL,,,721,400,231,0.00159778085991678,0.140904993065187,-1248.772,180.25,7,0,0,Symmetrical,1.25,,,POINT (22.53886411495268 44.67241119823274),228718321,288.4,228718321T
417,TR Portile de Fier 400/220 3,30T-PDFE400AT3-4,TEL,,,721,400,231,0.00177981969486824,0.141792649098474,-1794.589188,168.65632,7,0,0,Symmetrical,1.25,,,POINT (22.53886411495268 44.67241119823274),228718321,288.4,228718321T
406,TR Bucuresti Sud 400/220 1,30T-BUCU400AT3-J,TEL,,,577,400,231,0.00220970537261698,0.225290294627383,-1145.2296,141.365,12,-1,0,Symmetrical,1.25,,,POINT (26.15600615171906 44.40267201564828),23575521,230.8,23575521T
407,TR Bucuresti Sud 400/220 2,30T-BUCU400AT4-R,TEL,,,577,400,231,0.00220970537261698,0.225290294627383,-1145.2296,141.365,12,-1,0,Symmetrical,1.25,,,POINT (26.15600615171906 44.40267201564828),23575521,230.8,23575521T
421,TR Slatina 400/220 1,30T-SLAT400AT1-N,TEL,,,577,400,231,0.00303292894280763,0.185411611785095,-1150.538,89.435,8,0,0,Symmetrical,1,,,POINT (24.39420365397544 44.45082561495568),198777633,230.8,198777633T
422,TR Slatina 400/220 2,30T-SLAT400AT2-K,TEL,,,577,400,231,0.00303292894280763,0.185411611785095,-1150.538,89.435,8,0,0,Symmetrical,1.25,,,POINT (24.39420365397544 44.45082561495568),198777633,230.8,198777633T
423,PST Urechesti 400/220 1,30T-UREC400AT--F,TEL,,,577,400,231,0.00441941074523397,0.199254766031196,-2854.5344,418.325,-12,-1,60,Asymmetrical,,1.25,Connected in substation 400/220 kV Urechesti (RO),POINT (23.25683425836154 44.97131872773552),199657972,230.8,199657972T
403,TR Bradu 400/220 1,30T-BRAD400AT3-3,TEL,,,577,400,231,0.00207972270363951,0.198253899480069,-566.8448,108.19904,8,0,0,Symmetrical,1.25,,,POINT (24.89571708542921 44.76248875015348),205384220,230.8,205384220T
404,TR Bradu 400/220 2,30T-BRAD400AT4-0,TEL,,,577,400,231,0.00207972270363951,0.198253899480069,-566.8448,108.19904,8,0,0,Symmetrical,1.25,,,POINT (24.89571708542921 44.76248875015348),205384220,230.8,205384220T
405,TR Brazi Vest 400/220 2,30T-BRAZ400AT3-R,TEL,,,577,400,231,0.0021317157712305,0.206226169844021,-1148.9224,108.19904,8,0,0,Symmetrical,1.25,,,POINT (25.997897350000034 44.88075940000017),209067387,230.8,209067387T
402,PST Arad 400/220 3,30T-ARAD400AT3-F,TEL,,,577,400,231,0.00441941074523397,0.199254766031196,-2854.5344,418.325,-12,0,60,Asymmetrical,,1.25,Connected in substation 400/220 kV Arad (RO),POINT (21.37804024125553 46.183328243120194),101158766,230.8,101158766T
T_57,,,TEL,,,,,,0.00159778085991678,0.140904993065187,-1248.772,180.25,,,,,,Added for coherence. Not in the data.,POINT (26.244312456946783 47.61911127757491),202948507,174.24,202948507T,
T_58,,,TEL,,,,,,0.00159778085991678,0.140904993065187,-1248.772,180.25,,,,,,Added for coherence. Not in the data.,POINT (26.244312456946783 47.61911127757491),202948507,174.24,202948507TT,
T_59,,,ELES,,,,,,0.00012433598937583,0.00977606241699867,-6579.59352,4892.0904,,,,,,Added for coherence. Not in the data.,POINT (15.73382257705654 46.398394525298045),113568896,232.32,113568896T,
T_60,,,ELES,,,,,,0.00012433598937583,0.00977606241699867,-6579.59352,4892.0904,,,,,,Added for coherence. Not in the data.,POINT (15.73382257705654 46.398394525298045),113568896,232.32,113568896TT,
97,TR Podlog 421,28T-0000002374-J,ELES,,,1000,400,231,0.0004335,0.0395175,-3769.508,992.48,,,,,,,POINT (15.129713524939223 46.27614824584354),119244495,400,119244495T,
98,TR Divaca 211,28T-0000001565-G,ELES,,,753,220,115,0.0018097307738742,0.0726246529035374,-10399.770348,1599.61296,,,,,,,POINT (13.96875779001981 45.69128012385956),96747435,165.66,96747435T,
99,TR Divaca 212,28T-0000001566-D,ELES,,,753,220,115,0.00223530121936496,0.0703247615598213,-10399.770348,1599.61296,,,,,,,POINT (13.96875779001981 45.69128012385956),96747435,165.66,96747435T,
100,TR Divaca 411,28T-0000001567-A,ELES,,,1506,400,115,0.00012433598937583,0.00977606241699867,-6579.59352,4892.0904,,,,,,,POINT (13.96875779001981 45.69128012385956),96747435,602.4,96747435T,
101,TR Divaca 412,28T0000000002349,ELES,,,1506,400,115,0.0001316401062417,0.00975398406374502,-4698.677832,4960.40256,,,,,,,POINT (13.96875779001981 45.69128012385956),96747435,602.4,96747435T,
95,TR Bericevo 421,11T0-0000-0082-R,ELES,,,1000,400,231,0.000467,0.039385,-5606.44,1011.96,,,,,,,POINT (14.613694422432442 46.09308659634301),138362793,400,138362793T,
399,TR Krizovany T401,24T-KRIZ-T401-02,SEPS,,,577,400,231,0.00210571923743501,0.169831022530329,-2861.92,302.925,,,,,,,POINT (17.660190123029622 48.33677782981663),51982806,230.8,51982806T,
400,TR Bystricany T402,24T-BYST-T402-1I,SEPS,,,360,400,231,0.008625,0.550138888888889,-27.36,66.24,,,,,,,POINT (18.51179483804877 48.66613943526382),146531966,144,146531966T,
401,TR Bystricany T401,24T-BYST-T401-0O,SEPS,,,360,400,231,0.008625,0.550138888888889,-27.36,66.24,,,,,,,POINT (18.51179483804877 48.66613943526382),146531966,144,146531966T,
T_61,,,SEPS,,,,,,0.008625,0.550138888888889,-27.36,66.24,,,,,,Added for coherence. Not in the data.,POINT (18.97608074699297 49.090592924049794),239560640,321.86,239560640T,
T_62,,,SEPS,,,,,,0.008625,0.550138888888889,-27.36,66.24,,,,,,Added for coherence. Not in the data.,POINT (21.254798097955103 48.85890357888339),100979306,197.23,100979306T,
T_63,,,SEPS,,,,,,0.008625,0.550138888888889,-27.36,66.24,,,,,,Added for coherence. Not in the data.,POINT (21.254798097955103 48.85890357888339),100979306,197.23,100979306TT,
T_64,,,Amprion GmbH,,,,,,0.000430093555093555,0.0322245322245322,-5310.24,1462.24,,,,,,Added for coherence. Not in the data.,POINT (8.2323 47.5559),98648381,264.506,98648381T,
T_65,,,Amprion GmbH,,,,,,0.000430093555093555,0.0322245322245322,-5310.24,1462.24,,,,,,Added for coherence. Not in the data.,POINT (8.0504 47.5505),50319857,363,50319857T,
T_66,,,MAVIR,,,,,,0.000869264069264069,0.0443636363636364,-5197.5,0,,,,,,Added for coherence. Not in the data.,POINT (22.624 48.4164),203815422,396.88,203815422T,
T_67,,,MAVIR,,,,,,0.000869264069264069,0.0443636363636364,-5197.5,0,,,,,,Added for coherence. Not in the data.,POINT (22.624 48.4164),203815422,396.88,203815422TT,
T_68,,,HOPS,,,,,,0.000485,0.039,-3464,960,,,,,,Added for coherence. Not in the data.,POINT (17.7697 43.3028),89827347,188.76,89827347T,
T_69,,,HOPS,,,,,,0.000485,0.039,-3464,960,,,,,,Added for coherence. Not in the data.,POINT (17.7697 43.3028),89827347,188.76,89827347TT,
